"행정구역(읍면동)별(1)",행정구역(읍면동)별(2),행정구역(읍면동)별(3),2017,2017,2017,2017,2017,2017,2017,2017,2017,2017,2017,2018,2018,2018,2018,2018,2018,2018,2018,2018,2018,2018,2019,2019,2019,2019,2019,2019,2019,2019,2019,2019,2019,2020,2020,2020,2020,2020,2020,2020,2020,2020,2020,2020,2021,2021,2021,2021,2021,2021,2021,2021,2021,2021,2021,2022,2022,2022,2022,2022,2022,2022,2022,2022,2022,2022,2023,2023,2023,2023,2023,2023,2023,2023,2023,2023,2023
"행정구역(읍면동)별(1)",행정구역(읍면동)별(2),행정구역(읍면동)별(3),합계,한국인배우자,결혼이민자 및 귀화자 등,결혼이민자 및 귀화자 등,결혼이민자 및 귀화자 등,자녀,자녀,자녀,기타동거인,기타동거인,기타동거인,합계,한국인배우자,결혼이민자 및 귀화자 등,결혼이민자 및 귀화자 등,결혼이민자 및 귀화자 등,자녀,자녀,자녀,기타동거인,기타동거인,기타동거인,합계,한국인배우자,결혼이민자 및 귀화자 등,결혼이민자 및 귀화자 등,결혼이민자 및 귀화자 등,자녀,자녀,자녀,기타동거인,기타동거인,기타동거인,합계,한국인배우자,결혼이민자 및 귀화자 등,결혼이민자 및 귀화자 등,결혼이민자 및 귀화자 등,자녀,자녀,자녀,기타동거인,기타동거인,기타동거인,합계,한국인배우자,결혼이민자 및 귀화자 등,결혼이민자 및 귀화자 등,결혼이민자 및 귀화자 등,자녀,자녀,자녀,기타동거인,기타동거인,기타동거인,합계,한국인배우자,결혼이민자 및 귀화자 등,결혼이민자 및 귀화자 등,결혼이민자 및 귀화자 등,자녀,자녀,자녀,기타동거인,기타동거인,기타동거인,합계,한국인배우자,결혼이민자 및 귀화자 등,결혼이민자 및 귀화자 등,결혼이민자 및 귀화자 등,자녀,자녀,자녀,기타동거인,기타동거인,기타동거인
"행정구역(읍면동)별(1)",행정구역(읍면동)별(2),행정구역(읍면동)별(3),소계,소계,소계,결혼이민자,귀화자 등,소계,귀화·인지 및 외국인,국내출생,소계,내국인,외국인,소계,소계,소계,결혼이민자,귀화자 등,소계,귀화·인지 및 외국인,국내출생,소계,내국인,외국인,소계,소계,소계,결혼이민자,귀화자 등,소계,귀화·인지 및 외국인,국내출생,소계,내국인,외국인,소계,소계,소계,결혼이민자,귀화자 등,소계,귀화·인지 및 외국인,국내출생,소계,내국인,외국인,소계,소계,소계,결혼이민자,귀화자 등,소계,귀화·인지 및 외국인,국내출생,소계,내국인,외국인,소계,소계,소계,결혼이민자,귀화자 등,소계,귀화·인지 및 외국인,국내출생,소계,내국인,외국인,소계,소계,소계,결혼이민자,귀화자 등,소계,귀화·인지 및 외국인,국내출생,소계,내국인,외국인
"전북특별자치도",전주시 완산구,동서학동,120,19,32,22,10,28,*,28,41,38,*,135,21,32,20,12,37,*,37,45,45,*,130,21,34,18,16,38,*,38,37,36,*,132,18,36,16,20,37,*,37,41,39,*,130,17,31,14,17,42,*,42,40,37,*,121,19,33,13,20,37,*,37,32,31,*,130,19,33,13,20,42,*,42,36,34,*
"전북특별자치도",전주시 완산구,서서학동,205,35,56,35,21,61,*,60,53,47,6,193,29,53,31,22,61,*,60,50,46,*,196,28,52,29,23,65,*,65,51,47,*,196,32,53,31,22,59,*,59,52,50,*,220,36,60,36,24,68,*,67,56,54,*,232,34,66,36,30,69,*,67,63,54,9,227,31,64,34,30,70,*,68,62,58,*
"전북특별자치도",전주시 완산구,중화산1동,144,27,42,26,16,32,*,32,43,42,*,149,30,42,27,15,32,*,32,45,41,*,148,26,41,26,15,39,*,39,42,38,*,158,26,43,29,14,37,*,36,52,50,*,156,28,47,29,18,34,*,34,47,43,*,158,26,49,27,22,35,*,35,48,47,*,197,27,53,30,23,50,*,50,67,64,*
"전북특별자치도",전주시 완산구,중화산2동,118,20,42,26,16,25,*,25,31,29,*,112,18,39,25,14,24,*,24,31,27,*,143,23,48,31,17,36,*,36,36,30,6,158,26,53,30,23,42,*,42,37,33,*,178,25,59,33,26,48,*,47,46,39,7,182,23,60,33,27,47,*,46,52,44,8,200,28,64,32,32,45,*,44,63,57,6
"전북특별자치도",전주시 완산구,평화1동,277,44,90,47,43,82,*,82,61,57,*,282,48,93,50,43,79,*,79,62,56,6,275,46,88,46,42,80,*,79,61,57,*,275,44,86,47,39,76,*,76,69,63,6,259,42,80,41,39,74,*,74,63,61,*,283,47,82,43,39,80,*,79,74,69,5,264,42,80,39,41,71,*,70,71,66,5
"전북특별자치도",전주시 완산구,평화2동,383,56,101,42,59,120,*,118,106,101,5,406,61,109,47,62,128,*,124,108,105,*,464,66,122,53,69,150,5,145,126,116,10,546,75,139,58,81,187,5,182,145,137,8,572,90,152,63,89,196,*,194,134,121,13,567,88,153,59,94,190,*,189,136,124,12,582,86,153,55,98,197,*,197,146,134,12
"전북특별자치도",전주시 완산구,서신동,481,80,151,87,64,119,*,119,131,125,6,510,81,161,91,70,126,*,125,142,130,12,531,86,174,90,84,141,*,138,130,118,12,567,91,173,92,81,157,*,153,146,136,10,576,91,178,90,88,159,*,156,148,137,11,566,84,173,83,90,163,*,160,146,135,11,604,88,179,87,92,178,*,175,159,155,*
"전북특별자치도",전주시 완산구,삼천1동,191,29,54,29,25,50,*,46,58,48,10,190,27,54,30,24,52,*,48,57,48,9,179,30,49,29,20,51,*,47,49,41,8,185,32,49,28,21,53,*,50,51,46,5,176,29,45,23,22,55,*,51,47,43,*,180,30,47,23,24,54,5,49,49,44,5,197,28,48,21,27,62,*,58,59,55,*
"전북특별자치도",전주시 완산구,삼천2동,194,32,59,34,25,56,*,55,47,46,*,205,32,59,35,24,57,*,57,57,54,*,217,33,61,36,25,67,*,67,56,50,6,220,29,63,33,30,59,*,57,69,61,8,242,34,73,37,36,78,*,74,57,53,*,240,38,73,38,35,79,5,74,50,47,*,212,31,69,31,38,67,*,64,45,41,*
"전북특별자치도",전주시 완산구,삼천3동,272,34,58,35,23,81,*,80,99,95,*,276,35,59,35,24,81,*,79,101,99,*,281,44,65,38,27,87,*,85,85,82,*,288,42,69,37,32,84,*,84,93,91,*,278,39,65,28,37,89,*,89,85,77,8,276,38,66,30,36,88,*,88,84,72,12,283,33,64,26,38,95,*,93,91,84,7
"전북특별자치도",전주시 완산구,효자1동,162,26,51,26,25,42,*,41,43,40,*,177,25,53,27,26,45,*,44,54,52,*,177,30,58,34,24,51,*,49,38,36,*,191,28,53,27,26,58,*,55,52,51,*,198,28,52,25,27,69,*,68,49,48,*,231,29,61,26,35,79,*,78,62,59,*,237,33,63,28,35,71,*,70,70,66,*
"전북특별자치도",전주시 완산구,효자2동,165,28,50,24,26,45,*,45,42,38,*,165,26,48,25,23,43,*,43,48,44,*,145,22,44,19,25,37,*,37,42,41,*,161,22,41,19,22,35,*,34,63,59,*,162,21,43,22,21,38,*,38,60,56,*,166,22,45,18,27,45,*,45,54,52,*,167,22,46,20,26,46,*,45,53,49,*
"전북특별자치도",전주시 완산구,효자3동,132,20,36,21,15,34,*,34,42,39,*,137,20,34,22,12,34,*,34,49,42,7,137,20,36,23,13,43,*,41,38,34,*,150,17,38,23,15,44,*,43,51,49,*,148,16,38,23,15,37,*,36,57,53,*,154,18,40,23,17,42,*,42,54,48,6,149,17,44,27,17,41,*,41,47,41,6
"전북특별자치도",전주시 완산구,중앙동,107,17,38,26,12,22,*,22,30,25,5,114,16,37,27,10,22,*,22,39,34,5,99,12,30,17,13,25,*,25,32,28,*,113,18,36,20,16,25,*,24,34,31,*,134,20,39,23,16,34,*,33,41,38,*,159,25,45,25,20,45,*,44,44,42,*,163,25,45,26,19,46,*,45,47,43,*
"전북특별자치도",전주시 완산구,풍남동,34,5,11,8,*,6,*,5,12,12,*,40,7,13,9,*,5,*,5,15,15,*,47,8,14,10,*,8,*,6,17,16,*,48,6,14,6,8,11,*,9,17,16,*,44,6,14,6,8,10,*,9,14,13,*,33,5,9,*,6,10,*,9,9,9,*,47,5,13,5,8,13,*,12,16,12,*
"전북특별자치도",전주시 완산구,노송동,158,22,41,24,17,33,*,33,62,61,*,175,23,43,24,19,39,*,38,70,68,*,180,23,40,24,16,40,*,37,77,76,*,185,24,45,29,16,43,*,41,73,68,5,176,21,36,23,13,46,*,44,73,70,*,181,22,42,20,22,57,*,55,60,56,*,181,23,44,23,21,52,*,50,62,58,*
"전북특별자치도",전주시 완산구,완산동,108,22,34,22,12,25,*,24,27,26,*,94,18,26,15,11,25,*,24,25,25,*,94,20,27,16,11,25,*,24,22,20,*,91,17,24,12,12,26,*,24,24,23,*,106,20,30,14,16,30,*,29,26,24,*,103,18,29,11,18,28,*,27,28,25,*,94,17,26,11,15,26,*,25,25,22,*
"전북특별자치도",전주시 완산구,효자4동,754,121,225,123,102,220,*,218,188,176,12,420,63,119,54,65,138,*,136,100,95,5,429,68,124,58,66,147,*,145,90,86,*,561,83,157,83,74,174,*,171,147,136,11,546,81,156,70,86,182,5,177,127,123,*,569,75,156,65,91,180,5,175,158,147,11,587,77,161,65,96,190,5,185,159,144,15
"전북특별자치도",전주시 완산구,효자5동,-,-,-,-,-,-,-,-,-,-,-,315,50,100,65,35,86,*,86,79,76,*,332,56,96,62,34,92,*,92,88,83,5,362,70,109,71,38,93,*,93,90,88,*,373,70,114,74,40,101,*,101,88,86,*,401,74,117,76,41,109,*,108,101,100,*,452,67,132,78,54,123,*,122,130,126,*
"전북특별자치도",전주시 덕진구,인후1동,210,31,56,29,27,64,*,63,59,54,5,226,28,59,29,30,66,*,65,73,72,*,227,32,63,32,31,76,*,74,56,46,10,258,37,73,37,36,81,*,80,67,59,8,275,38,76,34,42,88,*,88,73,68,5,238,32,67,26,41,81,*,80,58,52,6,263,32,69,29,40,85,*,84,77,73,*
"전북특별자치도",전주시 덕진구,인후2동,216,34,61,40,21,59,*,57,62,58,*,232,32,67,36,31,62,*,61,71,68,*,243,38,73,40,33,63,*,60,69,63,6,237,39,70,40,30,72,*,69,56,51,5,239,36,73,40,33,73,*,71,57,51,6,246,35,79,41,38,68,*,66,64,56,8,261,33,77,35,42,70,*,67,81,71,10
"전북특별자치도",전주시 덕진구,인후3동,539,77,154,75,79,168,*,166,140,123,17,547,81,161,78,83,173,*,171,132,120,12,561,81,165,81,84,182,*,180,133,117,16,644,90,191,101,90,204,*,200,159,140,19,670,101,200,108,92,202,*,198,167,149,18,681,102,210,109,101,211,5,206,158,137,21,693,94,204,97,107,230,*,226,165,148,17
"전북특별자치도",전주시 덕진구,덕진동,271,45,87,50,37,70,*,70,69,65,*,261,37,81,42,39,68,*,67,75,72,*,231,29,68,35,33,67,*,67,67,65,*,273,34,78,42,36,76,*,74,85,80,5,282,40,94,50,44,78,*,76,70,66,*,322,44,97,48,49,83,*,80,98,91,7,340,48,104,58,46,82,*,80,106,97,9
"전북특별자치도",전주시 덕진구,금암1동,102,21,35,22,13,18,*,18,28,26,*,118,20,44,28,16,23,*,23,31,27,*,130,20,46,26,20,31,*,31,33,28,5,138,21,50,26,24,27,*,26,40,40,*,115,20,43,21,22,22,*,22,30,29,*,120,17,45,18,27,20,*,20,38,35,*,124,18,42,18,24,23,*,23,41,38,*
"전북특별자치도",전주시 덕진구,금암2동,154,26,43,23,20,35,*,35,50,48,*,170,29,47,24,23,44,*,44,50,47,*,192,35,56,35,21,49,*,47,52,49,*,197,33,53,32,21,49,*,47,62,60,*,189,31,55,31,24,45,*,43,58,55,*,206,34,56,31,25,52,*,50,64,60,*,204,28,58,27,31,50,*,49,68,63,5
"전북특별자치도",전주시 덕진구,팔복동,263,46,92,52,40,61,*,60,64,62,*,278,40,93,56,37,65,*,65,80,75,5,262,38,92,54,38,69,*,67,63,55,8,275,37,92,48,44,71,*,68,75,64,11,252,34,89,47,42,72,*,69,57,50,7,270,32,92,45,47,71,*,68,75,64,11,258,34,89,45,44,65,*,64,70,62,8
"전북특별자치도",전주시 덕진구,우아1동,197,28,66,34,32,45,*,43,58,54,*,193,24,69,36,33,44,*,44,56,51,5,199,24,68,36,32,49,*,49,58,49,9,194,27,68,35,33,53,*,52,46,42,*,200,29,75,33,42,53,*,52,43,37,6,211,28,78,34,44,54,*,52,51,46,5,227,30,81,30,51,60,*,58,56,55,*
"전북특별자치도",전주시 덕진구,우아2동,297,46,87,60,27,64,*,61,100,95,5,323,49,93,65,28,73,*,70,108,102,6,328,51,96,64,32,80,*,78,101,97,*,328,49,97,62,35,75,*,72,107,98,9,329,50,99,58,41,83,*,80,97,86,11,336,50,100,54,46,85,*,83,101,93,8,349,52,99,51,48,90,*,88,108,100,8
"전북특별자치도",전주시 덕진구,호성동,272,33,64,30,34,78,*,76,97,87,10,279,35,66,30,36,83,*,81,95,89,6,295,37,68,30,38,87,*,86,103,97,6,285,40,74,35,39,83,*,82,88,85,*,301,40,77,39,38,96,*,93,88,82,6,309,46,80,41,39,95,*,94,88,83,5,281,44,77,36,41,89,*,88,71,68,*
"전북특별자치도",전주시 덕진구,송천1동,363,53,98,55,43,111,*,109,101,93,8,510,79,133,76,57,155,6,149,143,131,12,538,81,142,77,65,178,*,174,137,126,11,575,91,146,79,67,190,7,183,148,134,14,649,95,170,95,75,214,7,207,170,157,13,686,109,185,106,79,225,7,218,167,150,17,706,100,184,102,82,243,7,236,179,166,13
"전북특별자치도",전주시 덕진구,송천2동,227,34,60,33,27,65,*,64,68,62,6,250,38,65,39,26,63,*,62,84,76,8,263,41,71,44,27,76,*,74,75,67,8,299,39,76,43,33,93,*,92,91,85,6,290,37,74,40,34,92,*,89,87,81,6,314,39,82,41,41,100,*,97,93,82,11,317,41,79,38,41,98,*,97,99,86,13
"전북특별자치도",전주시 덕진구,조촌동,293,55,81,42,39,86,*,85,71,63,8,331,57,89,43,46,99,*,97,86,78,8,348,63,96,45,51,110,*,107,79,73,6,378,62,108,52,56,116,*,113,92,79,13,362,60,107,48,59,115,*,113,80,70,10,401,62,112,51,61,126,*,125,101,90,11,397,64,110,49,61,125,*,124,98,86,12
"전북특별자치도",전주시 덕진구,진북동,164,32,42,23,19,49,*,48,41,39,*,171,34,50,30,20,50,*,50,37,34,*,187,34,50,32,18,49,*,49,54,54,*,189,30,49,32,17,46,*,46,64,63,*,204,35,56,33,23,50,*,50,63,62,*,174,34,46,26,20,49,*,48,45,42,*,182,32,49,28,21,44,*,43,57,53,*
"전북특별자치도",전주시 덕진구,혁신동,-,-,-,-,-,-,-,-,-,-,-,89,15,23,13,10,22,*,20,29,28,*,92,14,22,13,9,31,*,30,25,25,*,122,26,31,22,9,37,*,36,28,25,*,127,26,33,21,12,37,*,36,31,30,*,130,25,36,24,12,43,*,41,26,25,*,333,52,86,50,36,111,*,109,84,77,7
"전북특별자치도",전주시 덕진구,여의동,350,56,95,50,45,99,*,98,100,91,9,368,52,98,54,44,107,*,106,111,99,12,498,81,134,73,61,160,*,159,123,111,12,525,69,137,74,63,165,*,163,154,138,16,507,64,132,68,64,165,6,159,146,132,14,546,85,141,72,69,161,5,156,159,147,12,414,60,111,54,57,123,5,118,120,109,11
"전북특별자치도",군산시,옥구읍,94,13,22,12,10,25,*,24,34,33,*,96,11,21,11,10,26,*,25,38,37,*,96,13,22,13,9,24,*,23,37,37,*,91,12,21,12,9,22,*,21,36,36,*,81,10,18,9,9,24,*,23,29,29,*,76,8,16,8,8,23,*,22,29,28,*,80,8,15,7,8,27,*,26,30,29,*
"전북특별자치도",군산시,옥산면,60,10,17,10,7,19,*,19,14,14,*,67,11,19,10,9,21,*,21,16,15,*,79,17,23,14,9,26,*,26,13,13,*,90,17,24,13,11,30,*,30,19,18,*,96,16,26,12,14,30,*,30,24,24,*,90,15,24,11,13,27,*,27,24,24,*,87,11,25,12,13,25,*,25,26,24,*
"전북특별자치도",군산시,회현면,108,14,27,14,13,26,*,26,41,41,*,122,16,30,17,13,26,*,26,50,49,*,123,17,26,16,10,27,*,27,53,52,*,121,19,25,13,12,32,*,32,45,44,*,109,18,24,13,11,30,*,30,37,36,*,96,15,21,10,11,28,*,28,32,31,*,107,15,24,14,10,31,*,30,37,36,*
"전북특별자치도",군산시,임피면,73,7,17,9,8,16,*,16,33,29,*,66,7,15,8,7,15,*,15,29,27,*,74,6,14,7,7,18,*,18,36,34,*,72,5,13,7,6,19,*,19,35,34,*,65,*,10,*,7,20,*,20,32,30,*,75,8,14,6,8,23,*,22,30,29,*,84,9,22,9,13,25,*,24,28,27,*
"전북특별자치도",군산시,서수면,93,11,23,12,11,26,*,26,33,31,*,99,11,25,14,11,26,*,26,37,34,*,86,12,22,11,11,25,*,25,27,26,*,94,13,23,12,11,27,*,27,31,30,*,86,16,24,13,11,25,*,25,21,20,*,86,12,22,11,11,29,*,27,23,20,*,77,11,22,12,10,25,*,24,19,16,*
"전북특별자치도",군산시,대야면,137,18,31,14,17,41,*,41,47,41,6,137,15,31,15,16,43,*,43,48,46,*,144,18,34,16,18,48,*,46,44,44,*,136,17,35,16,19,45,*,43,39,39,*,132,16,33,12,21,44,*,42,39,35,*,147,17,32,11,21,48,*,45,50,46,*,152,17,37,13,24,50,*,48,48,47,*
"전북특별자치도",군산시,개정면,78,10,18,9,9,23,*,22,27,26,*,79,12,19,10,9,23,*,22,25,21,*,79,11,19,10,9,26,*,25,23,20,*,75,9,17,8,9,25,*,24,24,21,*,69,8,16,8,8,24,*,22,21,18,*,71,10,18,9,9,23,*,21,20,18,*,74,10,18,6,12,22,*,20,24,23,*
"전북특별자치도",군산시,성산면,68,12,17,12,5,13,*,13,26,26,*,57,8,12,7,5,13,*,13,24,23,*,49,5,10,7,*,12,*,12,22,21,*,50,5,12,7,5,14,*,14,19,18,*,52,5,13,6,7,12,*,12,22,21,*,54,5,12,5,7,12,*,12,25,22,*,49,5,12,6,6,12,*,12,20,18,*
"전북특별자치도",군산시,나포면,75,11,17,11,6,16,*,16,31,29,*,85,12,17,11,6,19,*,18,37,36,*,82,12,18,11,7,23,*,22,29,29,*,75,10,17,11,6,21,*,20,27,27,*,69,9,14,10,*,21,*,20,25,25,*,61,9,13,8,5,19,*,18,20,20,*,57,8,12,7,5,21,*,20,16,16,*
"전북특별자치도",군산시,옥도면,81,13,20,14,6,15,*,14,33,32,*,76,11,19,12,7,12,*,11,34,34,*,101,14,25,17,8,18,*,18,44,36,8,92,14,24,16,8,20,*,20,34,30,*,82,12,20,12,8,19,*,19,31,30,*,72,12,17,13,*,19,*,19,24,22,*,60,7,17,9,8,14,*,14,22,21,*
"전북특별자치도",군산시,옥서면,83,15,19,13,6,20,*,20,29,29,*,73,11,17,11,6,19,*,19,26,26,*,67,9,17,10,7,19,*,19,22,22,*,76,8,19,10,9,23,*,23,26,26,*,74,8,16,9,7,22,*,22,28,28,*,69,5,13,7,6,22,*,22,29,29,*,65,8,16,8,8,20,*,20,21,21,*
"전북특별자치도",군산시,해신동,81,16,24,12,12,21,*,21,20,17,*,81,16,24,13,11,18,*,18,23,20,*,68,13,19,11,8,16,*,16,20,15,5,70,11,20,11,9,15,*,15,24,21,*,68,12,20,12,8,11,*,11,25,20,5,75,10,23,13,10,15,*,15,27,24,*,71,11,26,15,11,11,*,11,23,21,*
"전북특별자치도",군산시,월명동,96,17,26,19,7,25,*,25,28,23,5,99,16,26,16,10,29,*,29,28,28,*,103,17,30,17,13,28,*,28,28,26,*,90,12,24,13,11,29,*,29,25,24,*,108,17,33,16,17,31,*,31,27,25,*,117,20,34,17,17,37,*,37,26,26,*,110,19,33,15,18,33,*,33,25,25,*
"전북특별자치도",군산시,신풍동,111,17,27,14,13,30,*,30,37,31,6,113,24,32,18,14,28,*,27,29,29,*,104,22,30,16,14,28,*,27,24,22,*,101,17,27,14,13,29,*,28,28,25,*,97,18,30,18,12,24,*,23,25,24,*,104,17,28,16,12,29,*,28,30,28,*,107,17,31,18,13,31,*,29,28,26,*
"전북특별자치도",군산시,삼학동,88,12,27,18,9,17,*,17,32,26,6,102,14,28,19,9,25,*,23,35,31,*,119,17,33,22,11,28,*,27,41,37,*,116,13,28,19,9,29,*,29,46,42,*,111,12,26,16,10,26,*,26,47,42,5,113,14,31,21,10,22,*,22,46,43,*,119,11,30,19,11,30,*,30,48,46,*
"전북특별자치도",군산시,중앙동,48,8,14,11,*,11,*,11,15,15,*,39,6,9,7,*,9,*,9,15,15,*,58,10,17,12,5,11,*,11,20,20,*,91,17,31,21,10,21,*,19,22,21,*,100,17,33,23,10,25,*,23,25,22,*,94,15,32,20,12,23,*,22,24,22,*,96,16,31,18,13,23,*,22,26,25,*
"전북특별자치도",군산시,흥남동,166,30,53,35,18,35,*,34,48,45,*,191,36,60,37,23,43,*,41,52,49,*,225,45,75,47,28,49,*,46,56,51,5,291,57,99,55,44,75,*,71,60,55,5,302,56,99,53,46,87,6,81,60,55,5,317,53,100,45,55,103,8,95,61,54,7,311,50,101,47,54,94,*,90,66,57,9
"전북특별자치도",군산시,조촌동,302,57,94,59,35,77,*,77,74,63,11,430,71,117,70,47,117,*,117,125,115,10,430,71,131,77,54,119,*,116,109,98,11,485,82,143,85,58,139,6,133,121,110,11,489,78,143,82,61,141,5,136,127,118,9,496,76,141,77,64,148,6,142,131,124,7,531,78,153,81,72,164,7,157,136,124,12
"전북특별자치도",군산시,경암동,280,40,89,53,36,74,*,71,77,68,9,252,36,74,43,31,66,*,65,76,71,5,252,30,80,42,38,68,*,65,74,68,6,242,31,74,35,39,66,*,64,71,65,6,225,26,67,28,39,63,*,61,69,65,*,217,26,68,29,39,60,*,57,63,59,*,205,30,67,29,38,53,*,50,55,49,6
"전북특별자치도",군산시,구암동,92,20,29,19,10,22,*,22,21,19,*,86,18,26,17,9,17,*,17,25,23,*,95,17,27,15,12,21,*,21,30,29,*,137,29,39,22,17,34,*,33,35,33,*,150,31,47,28,19,37,*,35,35,33,*,165,31,49,26,23,45,*,42,40,39,*,169,28,51,27,24,43,*,42,47,45,*
"전북특별자치도",군산시,개정동,51,6,13,10,*,12,*,12,20,19,*,45,6,11,8,*,11,*,11,17,16,*,38,6,9,5,*,10,*,10,13,11,*,54,7,13,9,*,13,*,13,21,21,*,52,7,14,10,*,14,*,14,17,17,*,51,8,15,11,*,12,*,12,16,16,*,42,5,13,10,*,11,*,11,13,13,*
"전북특별자치도",군산시,수송동,711,117,215,126,89,195,*,192,184,172,12,713,113,213,120,93,206,*,203,181,171,10,821,131,230,132,98,249,10,239,211,191,20,875,140,245,141,104,260,8,252,230,211,19,917,135,254,145,109,285,7,278,243,222,21,904,145,255,140,115,281,9,272,223,203,20,953,140,265,143,122,295,10,285,253,233,20
"전북특별자치도",군산시,나운1동,276,48,86,47,39,78,*,77,64,56,8,262,46,84,50,34,75,*,74,57,50,7,277,40,80,43,37,82,*,80,75,62,13,249,37,71,36,35,66,*,64,75,66,9,254,41,76,39,37,69,*,66,68,60,8,289,47,88,46,42,85,5,80,69,57,12,322,51,98,52,46,91,5,86,82,68,14
"전북특별자치도",군산시,나운2동,413,70,112,57,55,108,*,107,123,99,24,442,70,116,61,55,121,*,119,135,118,17,479,75,140,75,65,140,*,137,124,111,13,479,73,132,67,65,139,*,135,135,122,13,492,73,133,66,67,147,*,143,139,127,12,496,73,132,60,72,150,*,146,141,123,18,489,72,135,62,73,150,5,145,132,117,15
"전북특별자치도",군산시,소룡동,694,107,264,161,103,161,*,158,162,129,33,714,108,264,168,96,163,5,158,179,139,40,729,105,265,167,98,182,9,173,177,137,40,766,109,282,175,107,199,12,187,176,146,30,848,123,309,192,117,220,13,207,196,163,33,889,145,338,209,129,221,10,211,185,155,30,914,142,348,201,147,226,10,216,198,147,51
"전북특별자치도",군산시,미성동,473,81,158,89,69,133,6,127,101,91,10,484,77,164,97,67,114,*,110,129,113,16,483,73,165,89,76,128,5,123,117,102,15,471,74,164,87,77,123,5,118,110,91,19,456,74,161,84,77,121,5,116,100,84,16,453,70,157,82,75,119,9,110,107,92,15,415,65,149,74,75,105,8,97,96,82,14
"전북특별자치도",군산시,나운3동,584,88,175,90,85,159,6,153,162,147,15,646,94,200,109,91,177,8,169,175,158,17,672,93,206,109,97,209,10,199,164,140,24,665,93,199,104,95,215,10,205,158,141,17,723,107,221,116,105,232,8,224,163,146,17,763,113,237,117,120,237,5,232,176,156,20,814,121,257,121,136,247,6,241,189,168,21
"전북특별자치도",익산시,함열읍,281,40,84,41,43,74,*,73,83,74,9,307,41,87,39,48,83,*,82,96,91,5,309,39,89,39,50,92,*,90,89,85,*,332,42,97,43,54,105,*,104,88,85,*,323,37,91,34,57,107,*,106,88,82,6,302,38,87,30,57,97,*,94,80,76,*,302,37,87,27,60,98,*,95,80,76,*
"전북특별자치도",익산시,오산면,313,46,86,37,49,98,*,97,83,75,8,335,50,94,46,48,104,*,102,87,79,8,328,49,90,50,40,103,*,102,86,80,6,310,46,84,44,40,99,*,98,81,74,7,307,47,85,40,45,102,*,101,73,66,7,305,45,81,36,45,103,*,101,76,69,7,291,43,79,34,45,96,*,95,73,69,*
"전북특별자치도",익산시,황등면,298,40,70,35,35,86,*,84,102,94,8,326,37,76,40,36,90,*,88,123,113,10,331,38,84,43,41,100,*,98,109,101,8,335,37,87,42,45,102,*,100,109,104,5,333,35,91,40,51,108,*,105,99,94,5,316,36,86,32,54,107,*,104,87,84,*,334,39,93,34,59,108,*,108,94,86,8
"전북특별자치도",익산시,함라면,121,16,25,10,15,36,*,36,44,42,*,127,15,23,11,12,35,*,35,54,50,*,110,12,20,7,13,33,*,32,45,42,*,88,11,19,7,12,28,*,27,30,28,*,85,11,16,6,10,27,*,26,31,30,*,92,12,19,7,12,27,*,26,34,33,*,81,12,18,7,11,24,*,23,27,26,*
"전북특별자치도",익산시,웅포면,37,5,9,5,*,6,*,5,17,16,*,38,5,9,*,5,6,*,5,18,16,*,28,5,8,5,*,*,*,*,11,10,*,18,*,5,*,*,*,*,*,6,6,*,23,6,6,*,*,*,*,*,10,9,*,17,6,6,*,*,*,*,*,*,*,*,22,5,6,*,*,*,*,*,9,9,*
"전북특별자치도",익산시,성당면,98,12,22,9,13,26,*,26,38,33,5,105,12,23,9,14,29,*,29,41,39,*,100,11,19,9,10,30,*,30,40,39,*,82,10,16,7,9,24,*,24,32,31,*,81,11,16,8,8,22,*,22,32,31,*,72,10,18,6,12,21,*,21,23,22,*,60,10,17,7,10,16,*,16,17,16,*
"전북특별자치도",익산시,용안면,90,16,18,10,8,25,*,25,31,27,*,79,15,16,8,8,26,*,26,22,21,*,78,14,17,9,8,27,*,27,20,19,*,71,14,16,8,8,24,*,24,17,17,*,64,12,14,7,7,23,*,23,15,15,*,50,9,11,6,5,19,*,19,11,11,*,48,10,12,6,6,18,*,18,8,7,*
"전북특별자치도",익산시,낭산면,110,11,28,13,15,32,*,32,39,39,*,115,11,29,15,14,34,*,33,41,41,*,112,14,28,14,14,34,*,33,36,36,*,117,15,30,16,14,35,*,34,37,35,*,113,12,27,13,14,35,*,34,39,39,*,113,11,26,12,14,36,*,35,40,37,*,105,11,25,12,13,35,*,34,34,32,*
"전북특별자치도",익산시,망성면,91,11,15,7,8,38,*,38,27,26,*,95,11,16,9,7,39,*,39,29,28,*,109,12,22,11,11,44,*,42,31,28,*,113,13,24,13,11,40,*,38,36,34,*,104,14,23,11,12,39,*,39,28,28,*,106,13,21,8,13,40,*,40,32,32,*,97,12,22,8,14,38,*,38,25,24,*
"전북특별자치도",익산시,여산면,116,14,24,11,13,28,*,28,50,49,*,139,15,31,16,15,33,*,33,60,56,*,141,16,31,17,14,38,*,38,56,53,*,125,15,26,12,14,36,*,36,48,48,*,116,18,25,12,13,38,*,38,35,35,*,119,18,27,13,14,38,*,38,36,35,*,130,20,28,14,14,41,*,41,41,39,*
"전북특별자치도",익산시,금마면,98,19,25,14,11,23,*,23,31,28,*,97,18,23,13,10,24,*,24,32,29,*,91,17,24,14,10,27,*,26,23,21,*,83,14,19,9,10,27,*,26,23,20,*,80,14,18,8,10,26,*,25,22,19,*,94,17,20,10,10,27,*,26,30,28,*,91,17,20,9,11,28,*,27,26,24,*
"전북특별자치도",익산시,왕궁면,105,19,28,15,13,20,*,19,38,36,*,128,21,32,17,15,27,*,27,48,46,*,120,20,33,18,15,25,*,24,42,41,*,124,23,35,21,14,25,*,24,41,37,*,115,18,30,14,16,28,*,27,39,35,*,112,18,30,14,16,27,*,26,37,33,*,110,19,35,16,19,27,*,27,29,26,*
"전북특별자치도",익산시,춘포면,222,31,56,23,33,60,*,58,75,68,7,224,29,58,24,34,62,*,62,75,66,9,205,27,51,20,31,61,*,61,66,58,8,206,28,48,19,29,62,*,61,68,61,7,195,26,44,18,26,62,*,60,63,58,5,167,26,38,14,24,54,*,54,49,48,*,182,27,45,20,25,55,*,54,55,51,*
"전북특별자치도",익산시,삼기면,76,14,20,13,7,16,*,15,26,23,*,96,15,22,16,6,18,*,17,41,40,*,91,16,22,16,6,23,*,21,30,28,*,89,17,21,15,6,21,*,20,30,28,*,84,15,20,13,7,22,*,20,27,26,*,90,14,21,11,10,23,*,22,32,30,*,106,16,24,14,10,29,*,28,37,34,*
"전북특별자치도",익산시,용동면,69,10,16,8,8,20,*,20,23,22,*,61,9,14,9,5,16,*,16,22,21,*,65,12,15,11,*,16,*,16,22,22,*,72,12,15,12,*,19,*,19,26,26,*,69,11,15,12,*,18,*,18,25,24,*,66,12,15,12,*,16,*,16,23,23,*,72,12,15,12,*,17,*,17,28,26,*
"전북특별자치도",익산시,중앙동,77,9,31,15,16,18,*,18,19,13,6,61,9,27,16,11,14,*,12,11,9,*,65,8,23,12,11,17,*,16,17,14,*,62,7,25,12,13,11,*,10,19,13,6,65,7,26,10,16,13,*,11,19,11,8,69,10,29,12,17,15,*,11,15,9,6,64,11,30,12,18,12,*,12,11,9,*
"전북특별자치도",익산시,평화동,156,31,45,32,13,24,*,23,56,44,12,148,30,45,32,13,29,*,29,44,37,7,151,29,49,33,16,30,*,30,43,35,8,150,30,47,29,18,36,*,36,37,35,*,135,31,45,28,17,31,*,31,28,26,*,126,27,43,25,18,30,*,29,26,25,*,114,23,39,21,18,31,*,30,21,18,*
"전북특별자치도",익산시,인화동,162,23,49,27,22,41,*,40,49,49,*,217,31,64,37,27,58,*,58,64,63,*,210,32,66,38,28,62,*,60,50,46,*,209,29,66,36,30,65,*,65,49,48,*,185,28,61,31,30,63,*,63,33,33,*,189,25,57,24,33,62,*,62,45,43,*,186,23,53,24,29,55,*,54,55,52,*
"전북특별자치도",익산시,동산동,535,85,150,82,68,142,7,135,158,146,12,547,82,162,90,72,139,*,136,164,146,18,555,78,158,85,73,154,7,147,165,142,23,648,83,187,94,93,189,7,182,189,164,25,620,82,174,79,95,193,5,188,171,149,22,657,88,186,88,98,203,6,197,180,155,25,695,82,204,93,111,222,6,216,187,163,24
"전북특별자치도",익산시,마동,187,21,67,36,31,45,*,43,54,45,9,195,20,71,39,32,48,*,47,56,51,5,188,19,69,40,29,52,*,52,48,44,*,199,22,74,40,34,54,*,53,49,45,*,205,20,71,38,33,58,*,57,56,50,6,190,22,71,37,34,56,*,54,41,38,*,203,23,71,38,33,56,*,55,53,48,5
"전북특별자치도",익산시,남중동,264,33,76,46,30,67,*,65,88,81,7,215,25,64,39,25,56,*,55,70,66,*,235,27,66,34,32,66,*,65,76,73,*,254,27,67,35,32,69,*,69,91,82,9,244,24,71,42,29,66,*,65,83,74,9,264,25,75,39,36,77,*,76,87,80,7,275,28,81,41,40,82,*,82,84,77,7
"전북특별자치도",익산시,모현동,706,111,192,99,93,208,5,203,195,182,13,750,109,206,109,97,218,7,211,217,205,12,728,117,216,111,105,211,7,204,184,174,10,732,114,214,106,108,208,8,200,196,178,18,712,105,207,89,118,209,7,202,191,174,17,731,116,219,91,128,213,5,208,183,168,15,757,113,228,101,127,226,6,220,190,176,14
"전북특별자치도",익산시,송학동,204,28,52,28,24,54,*,52,70,62,8,192,25,48,27,21,53,*,51,66,61,5,199,28,48,25,23,61,*,59,62,57,5,181,30,47,23,24,60,*,58,44,42,*,185,30,49,20,29,59,*,58,47,42,5,195,33,52,23,29,61,*,59,49,44,5,226,33,58,24,34,73,*,69,62,54,8
"전북특별자치도",익산시,신동,218,29,66,32,34,53,*,51,70,59,11,214,22,61,27,34,51,*,49,80,65,15,222,28,60,28,32,60,*,57,74,64,10,257,29,78,41,37,61,*,59,89,79,10,245,26,76,41,35,58,*,55,85,78,7,294,28,90,49,41,69,5,64,107,94,13,345,34,106,49,57,84,7,77,121,110,11
"전북특별자치도",익산시,영등1동,365,47,114,60,54,93,*,91,111,100,11,384,53,110,59,51,100,*,99,121,112,9,377,55,110,60,50,109,*,108,103,96,7,399,61,120,67,53,111,*,107,107,100,7,430,58,125,67,58,124,*,120,123,113,10,426,58,124,63,61,126,5,121,118,109,9,435,55,125,62,63,128,5,123,127,116,11
"전북특별자치도",익산시,팔봉동,90,13,24,17,7,22,*,21,31,27,*,87,12,25,17,8,19,*,18,31,29,*,87,12,24,15,9,21,*,20,30,27,*,104,14,28,18,10,26,*,25,36,33,*,132,19,38,20,18,37,*,36,38,34,*,129,20,38,19,19,37,*,36,34,32,*,127,17,37,21,16,40,*,39,33,31,*
"전북특별자치도",익산시,삼성동,585,78,186,98,88,163,*,160,158,135,23,598,76,186,92,94,160,*,156,176,155,21,612,80,194,85,109,177,6,171,161,137,24,664,86,201,86,115,190,6,184,187,165,22,701,96,212,91,121,207,7,200,186,163,23,715,91,217,82,135,215,11,204,192,170,22,729,79,213,77,136,225,11,214,212,196,16
"전북특별자치도",익산시,영등2동,224,42,65,38,27,73,*,70,44,36,8,252,41,70,40,30,76,*,74,65,56,9,288,42,84,41,43,86,5,81,76,68,8,295,43,88,43,45,87,7,80,77,69,8,301,43,93,49,44,86,*,83,79,73,6,310,51,98,47,51,94,6,88,67,61,6,313,47,100,47,53,92,*,90,74,69,5
"전북특별자치도",익산시,어양동,491,82,152,99,53,126,*,124,131,113,18,507,84,164,105,59,131,*,127,128,118,10,548,96,168,105,63,147,8,139,137,118,19,561,92,174,100,74,158,7,151,137,125,12,593,98,187,99,88,169,5,164,139,115,24,591,98,182,96,86,174,*,170,137,120,17,630,101,208,109,99,172,6,166,149,129,20
"전북특별자치도",정읍시,신태인읍,213,30,54,35,19,63,*,61,66,63,*,200,27,48,29,19,66,*,64,59,56,*,213,27,52,29,23,69,*,67,65,59,6,218,27,54,29,25,69,*,68,68,66,*,207,25,52,27,25,66,*,65,64,58,6,214,21,57,21,36,69,*,68,67,57,10,222,25,63,28,35,73,*,71,61,55,6
"전북특별자치도",정읍시,북면,201,28,52,25,27,50,*,50,71,67,*,205,23,50,21,29,60,*,59,72,66,6,212,22,55,25,30,68,*,68,67,60,7,218,25,60,26,34,62,*,62,71,62,9,210,26,62,26,36,64,*,63,58,52,6,219,25,64,28,36,63,*,62,67,55,12,214,24,61,26,35,63,*,62,66,58,8
"전북특별자치도",정읍시,입암면,116,16,27,13,14,32,*,32,41,40,*,106,17,25,12,13,31,*,31,33,32,*,100,15,23,12,11,30,*,29,32,31,*,95,15,20,11,9,30,*,29,30,29,*,81,12,18,8,10,26,*,25,25,25,*,81,11,16,8,8,28,*,28,26,26,*,79,8,15,7,8,27,*,27,29,27,*
"전북특별자치도",정읍시,소성면,81,11,19,12,7,26,*,26,25,24,*,79,11,19,12,7,25,*,25,24,24,*,87,11,18,12,6,24,*,24,34,29,5,75,12,18,11,7,23,*,23,22,22,*,84,13,20,10,10,26,*,26,25,25,*,82,11,18,9,9,24,*,24,29,28,*,81,12,17,9,8,26,*,26,26,26,*
"전북특별자치도",정읍시,고부면,72,12,19,12,7,20,*,20,21,18,*,65,10,16,9,7,22,*,22,17,16,*,74,10,18,11,7,25,*,25,21,21,*,77,12,19,11,8,25,*,25,21,21,*,84,9,17,8,9,28,*,28,30,30,*,79,10,16,8,8,25,*,25,28,28,*,72,9,16,7,9,23,*,23,24,23,*
"전북특별자치도",정읍시,영원면,79,12,15,10,5,21,*,21,31,30,*,72,9,13,8,5,24,*,20,26,26,*,72,9,13,8,5,24,*,21,26,25,*,60,7,12,6,6,19,*,19,22,22,*,69,8,13,6,7,20,*,19,28,28,*,68,10,13,7,6,22,*,21,23,23,*,70,10,16,9,7,21,*,20,23,23,*
"전북특별자치도",정읍시,덕천면,71,12,17,13,*,19,*,19,23,20,*,60,10,13,8,5,18,*,18,19,18,*,67,11,15,7,8,23,*,22,18,18,*,56,9,13,5,8,20,*,19,14,13,*,67,12,15,8,7,20,*,19,20,19,*,60,9,14,6,8,18,*,18,19,19,*,70,10,16,7,9,18,*,18,26,26,*
"전북특별자치도",정읍시,이평면,49,9,11,5,6,14,*,14,15,14,*,48,7,10,*,6,16,*,16,15,15,*,44,6,10,5,5,17,*,16,11,11,*,42,5,9,*,6,16,*,15,12,12,*,46,6,13,*,9,15,*,14,12,11,*,43,5,12,*,8,14,*,13,12,10,*,49,6,11,*,8,16,*,16,16,12,*
"전북특별자치도",정읍시,정우면,82,9,15,*,11,25,*,25,33,30,*,83,9,15,*,12,27,*,27,32,32,*,79,8,14,*,11,26,*,26,31,31,*,80,11,15,*,11,26,*,26,28,28,*,68,10,16,*,13,19,*,19,23,23,*,66,9,14,*,11,19,*,19,24,24,*,60,9,15,*,11,15,*,15,21,21,*
"전북특별자치도",정읍시,태인면,148,21,34,20,14,43,*,42,50,46,*,158,22,38,21,17,46,*,44,52,49,*,158,23,39,18,21,46,*,44,50,49,*,158,21,39,19,20,46,*,44,52,51,*,160,17,35,14,21,54,*,53,54,53,*,152,17,41,16,25,48,*,48,46,45,*,154,17,39,12,27,51,*,51,47,44,*
"전북특별자치도",정읍시,감곡면,103,14,23,13,10,30,*,29,36,35,*,109,18,25,15,10,34,*,33,32,31,*,87,15,22,14,8,27,*,27,23,23,*,86,12,22,14,8,22,*,22,30,29,*,107,14,26,13,13,32,*,31,35,33,*,103,10,25,9,16,34,*,31,34,31,*,96,11,24,8,16,32,*,29,29,29,*
"전북특별자치도",정읍시,옹동면,62,9,12,10,*,18,*,18,23,21,*,62,8,12,10,*,17,*,17,25,22,*,51,10,10,7,*,18,*,18,13,13,*,59,9,12,7,5,19,*,19,19,19,*,64,9,12,6,6,20,*,20,23,23,*,65,9,14,8,6,23,*,23,19,19,*,58,9,13,6,7,22,*,22,14,14,*
"전북특별자치도",정읍시,칠보면,100,15,21,10,11,33,*,33,31,29,*,77,11,17,9,8,28,*,28,21,20,*,75,9,15,7,8,29,*,29,22,21,*,99,8,19,8,11,34,*,32,38,36,*,90,6,17,7,10,30,*,29,37,34,*,76,7,15,6,9,25,*,24,29,27,*,75,7,16,5,11,27,*,26,25,24,*
"전북특별자치도",정읍시,산내면,50,7,13,9,*,15,*,14,15,14,*,50,7,13,9,*,17,*,16,13,12,*,51,6,11,7,*,20,*,20,14,13,*,52,7,10,5,5,25,*,25,10,8,*,47,7,10,5,5,22,*,22,8,6,*,38,7,8,*,5,19,*,19,*,*,*,39,8,8,*,5,19,*,19,*,*,*
"전북특별자치도",정읍시,산외면,64,7,12,5,7,24,*,24,21,21,*,64,8,14,5,9,21,*,21,21,21,*,70,8,15,6,9,23,*,23,24,24,*,74,10,16,8,8,24,*,24,24,23,*,55,6,12,6,6,18,*,18,19,17,*,63,11,15,7,8,20,*,20,17,16,*,58,10,14,6,8,17,*,17,17,16,*
"전북특별자치도",정읍시,수성동,572,89,188,101,87,157,7,150,138,118,20,620,84,193,105,88,175,6,169,168,145,23,680,94,217,107,110,201,9,192,168,145,23,776,106,250,124,126,216,8,208,204,159,45,790,108,263,120,143,226,6,220,193,166,27,846,105,280,126,154,244,9,235,217,191,26,868,98,293,123,170,261,10,251,216,183,33
"전북특별자치도",정읍시,장명동,85,18,26,14,12,22,*,20,19,16,*,92,16,28,15,13,23,*,22,25,22,*,112,20,31,14,17,34,*,31,27,25,*,118,17,29,12,17,33,*,30,39,37,*,130,19,32,14,18,35,*,32,44,41,*,105,16,30,11,19,31,*,28,28,25,*,97,12,27,8,19,33,*,30,25,22,*
"전북특별자치도",정읍시,내장상동,421,66,114,54,60,143,*,141,98,84,14,454,72,124,60,64,148,*,147,110,97,13,470,71,128,56,72,159,*,158,112,98,14,524,70,138,62,76,170,*,169,146,133,13,531,74,141,61,80,174,*,172,142,128,14,529,73,149,61,88,171,*,167,136,120,16,563,69,156,57,99,185,*,181,153,130,23
"전북특별자치도",정읍시,시기동,57,8,19,7,12,18,*,16,12,11,*,52,6,16,6,10,15,*,14,15,12,*,61,5,21,8,13,17,*,16,18,14,*,58,6,19,9,10,16,*,15,17,13,*,65,6,24,9,15,17,*,17,18,15,*,70,7,21,9,12,17,*,17,25,20,5,65,7,22,11,11,18,*,18,18,17,*
"전북특별자치도",정읍시,연지동,137,19,47,26,21,35,*,35,36,33,*,131,18,46,26,20,33,*,33,34,25,9,129,21,44,26,18,35,*,34,29,27,*,135,19,44,23,21,37,*,35,35,32,*,141,18,47,24,23,38,*,37,38,32,6,156,24,51,26,25,47,*,45,34,26,8,148,19,52,28,24,41,*,38,36,27,9
"전북특별자치도",정읍시,농소동,137,23,44,25,19,36,*,34,34,31,*,128,21,42,24,18,36,*,34,29,27,*,125,22,38,24,14,36,*,32,29,26,*,122,18,38,19,19,38,*,36,28,24,*,130,18,39,20,19,37,*,35,36,33,*,117,15,34,16,18,34,*,32,34,31,*,127,16,38,17,21,34,*,32,39,36,*
"전북특별자치도",정읍시,상교동,113,13,23,14,9,34,*,34,43,42,*,115,13,24,13,11,36,*,36,42,39,*,116,13,23,11,12,39,*,37,41,38,*,119,15,25,13,12,37,*,35,42,40,*,120,15,25,11,14,39,*,37,41,38,*,144,19,30,13,17,42,*,40,53,49,*,141,19,29,10,19,44,*,43,49,45,*
"전북특별자치도",정읍시,초산동,153,22,41,15,26,45,*,45,45,37,8,168,26,41,15,26,52,*,52,49,45,*,168,24,45,15,30,56,*,55,43,38,5,197,26,51,17,34,75,*,73,45,44,*,217,29,57,24,33,84,*,83,47,46,*,225,30,60,23,37,84,*,81,51,48,*,266,36,69,29,40,92,5,87,69,61,8
"전북특별자치도",남원시,운봉읍,203,25,43,21,22,55,*,54,80,72,8,173,20,36,16,20,49,*,49,68,62,6,177,19,39,14,25,54,*,53,65,61,*,172,19,39,15,24,53,*,53,61,53,8,168,23,39,15,24,56,*,56,50,49,*,164,20,37,14,23,56,*,56,51,44,7,174,21,38,14,24,60,*,60,55,48,7
"전북특별자치도",남원시,주천면,89,12,22,18,*,23,*,23,32,32,*,87,11,20,15,5,25,*,25,31,29,*,78,9,16,11,5,26,*,26,27,26,*,72,10,15,10,5,26,*,25,21,19,*,70,9,14,9,5,24,*,23,23,21,*,61,8,13,5,8,22,*,21,18,17,*,64,11,16,8,8,23,*,23,14,14,*
"전북특별자치도",남원시,수지면,48,7,9,5,*,16,*,16,16,16,*,44,6,8,*,*,17,*,17,13,13,*,43,5,8,*,*,17,*,17,13,13,*,41,*,7,*,*,14,*,14,17,17,*,29,*,6,*,*,11,*,11,9,9,*,38,*,7,*,5,14,*,14,14,13,*,29,*,*,*,*,12,*,12,10,10,*
"전북특별자치도",남원시,송동면,94,15,24,12,12,25,*,25,30,30,*,95,14,21,10,11,24,*,24,36,35,*,85,12,21,9,12,22,*,22,30,30,*,73,10,15,10,5,18,*,17,30,30,*,83,13,18,11,7,17,*,17,35,35,*,82,12,18,10,8,17,*,17,35,35,*,70,11,17,8,9,15,*,15,27,26,*
"전북특별자치도",남원시,주생면,44,5,9,6,*,10,*,10,20,20,*,41,6,10,8,*,13,*,13,12,12,*,38,6,10,8,*,13,*,13,9,9,*,52,8,13,11,*,14,*,14,17,17,*,53,8,12,9,*,14,*,14,19,19,*,45,6,11,6,5,14,*,14,14,14,*,48,7,12,6,6,13,*,13,16,15,*
"전북특별자치도",남원시,금지면,90,17,22,18,*,19,*,18,32,29,*,76,12,20,17,*,17,*,16,27,26,*,89,16,20,15,5,24,*,21,29,28,*,87,14,19,13,6,24,*,21,30,28,*,77,12,17,11,6,22,*,20,26,25,*,78,12,17,9,8,22,*,21,27,25,*,84,13,22,13,9,19,*,18,30,26,*
"전북특별자치도",남원시,대강면,86,14,19,11,8,28,*,28,25,21,*,80,13,17,9,8,29,*,29,21,19,*,77,12,16,9,7,27,*,27,22,21,*,77,13,16,9,7,27,*,27,21,21,*,70,9,16,8,8,24,*,24,21,20,*,57,6,11,5,6,19,*,19,21,20,*,60,7,12,6,6,20,*,20,21,19,*
"전북특별자치도",남원시,대산면,73,10,18,9,9,20,*,20,25,21,*,71,10,17,8,9,23,*,23,21,21,*,84,8,15,7,8,26,*,25,35,34,*,79,10,17,9,8,29,*,28,23,22,*,79,11,18,10,8,31,*,30,19,18,*,71,10,16,9,7,27,*,27,18,18,*,74,11,16,9,7,27,*,27,20,20,*
"전북특별자치도",남원시,사매면,51,*,8,*,5,19,*,19,20,19,*,42,*,8,*,5,17,*,17,13,13,*,46,*,8,*,5,19,*,19,16,16,*,53,*,9,*,6,20,*,20,21,21,*,49,*,7,*,*,20,*,20,20,20,*,50,*,8,*,6,20,*,20,18,17,*,67,5,12,6,6,29,*,29,21,21,*
"전북특별자치도",남원시,덕과면,47,7,8,6,*,11,*,11,21,19,*,48,6,8,*,*,14,*,14,20,18,*,58,7,12,*,9,18,*,18,21,19,*,52,7,12,*,8,17,*,17,16,15,*,48,6,11,*,7,16,*,16,15,14,*,57,7,13,*,9,20,*,20,17,16,*,52,7,13,5,8,15,*,15,17,15,*
"전북특별자치도",남원시,보절면,72,10,15,10,5,18,*,18,29,29,*,77,10,15,10,5,17,*,17,35,35,*,72,9,14,8,6,18,*,18,31,31,*,59,6,13,7,6,15,*,15,25,24,*,66,7,15,8,7,14,*,14,30,28,*,59,6,13,8,5,12,*,12,28,27,*,60,7,14,9,5,14,*,14,25,24,*
"전북특별자치도",남원시,산동면,61,5,14,7,7,21,*,21,21,21,*,65,*,15,9,6,19,*,18,27,27,*,70,5,13,7,6,24,*,23,28,28,*,68,5,11,5,6,23,*,22,29,28,*,57,5,10,5,5,20,*,19,22,22,*,61,6,10,6,*,19,*,19,26,26,*,58,7,10,7,*,16,*,16,25,24,*
"전북특별자치도",남원시,이백면,81,11,18,11,7,23,*,22,29,28,*,92,11,20,13,7,23,*,22,38,38,*,89,10,22,12,10,27,*,26,30,30,*,101,15,24,13,11,28,*,27,34,33,*,95,14,22,11,11,29,*,28,30,29,*,103,14,23,11,12,33,*,30,33,29,*,96,13,23,10,13,31,*,30,29,28,*
"전북특별자치도",남원시,인월면,120,16,28,14,14,37,*,37,39,39,*,137,19,30,13,17,39,*,39,49,49,*,129,16,29,11,18,37,*,37,47,47,*,130,17,31,12,19,38,*,38,44,43,*,134,17,30,13,17,39,*,39,48,44,*,133,17,30,10,20,42,*,42,44,39,5,142,18,29,11,18,44,*,43,51,45,6
"전북특별자치도",남원시,아영면,68,9,16,7,9,21,*,21,22,21,*,74,10,18,9,9,22,*,22,24,23,*,86,12,21,13,8,27,*,27,26,26,*,95,12,22,12,10,35,*,33,26,26,*,96,13,22,10,12,35,*,33,26,26,*,97,15,22,11,11,34,*,32,26,25,*,109,18,26,14,12,38,*,36,27,27,*
"전북특별자치도",남원시,산내면,45,8,11,8,*,14,*,14,12,12,*,47,8,12,9,*,14,*,14,13,13,*,44,5,10,6,*,15,*,15,14,13,*,51,8,14,10,*,16,*,16,13,13,*,66,8,15,10,5,23,*,23,20,20,*,65,7,14,7,7,21,*,21,23,23,*,63,6,15,8,7,22,*,22,20,19,*
"전북특별자치도",남원시,동충동,57,9,16,9,7,20,*,20,12,12,*,62,7,14,8,6,22,*,22,19,18,*,65,8,14,8,6,22,*,22,21,20,*,68,8,16,11,5,23,*,23,21,21,*,63,7,15,9,6,24,*,24,17,17,*,68,11,18,12,6,18,*,18,21,20,*,80,12,29,16,13,22,*,22,17,17,*
"전북특별자치도",남원시,죽항동,71,10,24,14,10,21,*,20,16,15,*,75,11,25,15,10,22,*,20,17,17,*,79,10,27,14,13,26,*,23,16,16,*,75,10,24,13,11,27,*,24,14,13,*,103,11,29,14,15,40,*,37,23,21,*,125,15,39,23,16,38,*,35,33,25,8,119,13,40,19,21,36,*,34,30,24,6
"전북특별자치도",남원시,노암동,217,34,61,33,28,64,*,63,58,54,*,247,42,66,38,28,79,*,78,60,57,*,232,41,68,43,25,70,*,69,53,43,10,305,50,86,46,40,95,*,92,74,69,5,297,50,88,47,41,93,*,90,66,56,10,278,45,83,39,44,82,*,79,68,56,12,282,46,84,36,48,76,*,74,76,60,16
"전북특별자치도",남원시,금동,218,36,63,35,28,60,*,60,59,53,6,213,33,60,33,27,55,*,55,65,54,11,227,42,71,41,30,65,*,65,49,43,6,231,37,64,38,26,66,*,65,64,58,6,210,35,60,33,27,61,*,60,54,47,7,190,32,60,28,32,54,*,52,44,38,6,212,33,63,30,33,62,*,61,54,49,5
"전북특별자치도",남원시,왕정동,107,14,26,12,14,34,*,34,33,31,*,109,14,27,12,15,38,*,38,30,28,*,115,11,27,12,15,38,*,38,39,37,*,124,15,29,11,18,39,*,39,41,38,*,127,15,31,11,20,43,*,43,38,35,*,143,18,40,16,24,49,*,48,36,32,*,152,18,42,16,26,48,*,47,44,38,6
"전북특별자치도",남원시,향교동,199,35,56,36,20,66,*,66,42,39,*,212,31,58,38,20,71,*,71,52,43,9,226,36,62,39,23,77,*,77,51,49,*,202,28,59,35,24,68,*,68,47,43,*,178,26,53,30,23,55,*,55,44,38,6,196,23,59,27,32,66,*,66,48,41,7,192,24,62,29,33,65,*,65,41,37,*
"전북특별자치도",남원시,도통동,291,45,70,39,31,99,*,98,77,73,*,331,48,86,54,32,116,*,112,81,80,*,373,59,103,69,34,123,*,119,88,84,*,417,65,108,73,35,125,*,125,119,113,6,440,74,113,74,39,133,*,131,120,113,7,442,73,111,64,47,144,*,141,114,108,6,424,67,115,61,54,137,*,134,105,102,*
"전북특별자치도",김제시,만경읍,63,12,16,10,6,13,*,13,22,20,*,78,12,18,13,5,17,*,16,31,30,*,90,17,20,13,7,20,*,18,33,30,*,75,14,17,11,6,16,*,15,28,25,*,77,14,21,14,7,15,*,13,27,21,6,61,13,17,10,7,12,*,11,19,13,6,69,13,19,11,8,13,*,12,24,18,6
"전북특별자치도",김제시,죽산면,61,10,13,6,7,19,*,19,19,19,*,67,10,13,6,7,21,*,21,23,23,*,75,9,13,6,7,22,*,22,31,31,*,80,10,14,6,8,24,*,24,32,32,*,75,10,14,6,8,23,*,23,28,28,*,69,9,12,*,8,22,*,22,26,25,*,68,11,15,6,9,19,*,19,23,23,*
"전북특별자치도",김제시,백산면,80,11,17,11,6,23,*,23,29,28,*,88,8,18,12,6,25,*,25,37,34,*,86,14,22,14,8,24,*,24,26,24,*,86,12,23,16,7,23,*,23,28,26,*,74,14,20,15,5,24,*,24,16,16,*,67,11,18,12,6,20,*,20,18,17,*,87,14,28,14,14,25,*,25,20,20,*
"전북특별자치도",김제시,용지면,197,23,40,20,20,61,*,61,73,69,*,176,20,39,19,20,58,*,58,59,57,*,166,17,35,14,21,56,*,56,58,57,*,144,14,31,13,18,49,*,49,50,49,*,130,15,28,11,17,47,*,47,40,39,*,126,16,27,8,19,45,*,45,38,35,*,144,19,31,14,17,47,*,47,47,45,*
"전북특별자치도",김제시,백구면,167,22,38,18,20,48,*,46,59,58,*,157,20,33,14,19,47,*,45,57,53,*,159,25,40,17,23,43,*,43,51,51,*,139,25,37,14,23,42,*,42,35,35,*,139,23,35,12,23,42,*,42,39,39,*,140,21,31,9,22,45,*,44,43,42,*,159,25,37,13,24,46,*,45,51,48,*
"전북특별자치도",김제시,부량면,31,7,6,*,*,11,*,11,7,7,*,30,5,*,*,*,11,*,11,10,10,*,35,*,7,*,7,11,*,11,14,12,*,38,*,8,*,7,12,*,12,14,12,*,42,*,7,*,7,13,*,13,19,17,*,39,*,8,*,7,12,*,12,15,14,*,26,*,5,*,5,7,*,7,10,10,*
"전북특별자치도",김제시,공덕면,122,12,27,9,18,36,*,35,47,42,5,131,15,30,12,18,38,*,37,48,45,*,140,17,34,16,18,37,*,36,52,49,*,148,19,35,16,19,39,*,36,55,51,*,141,17,32,13,19,39,*,36,53,48,5,136,18,31,10,21,39,*,36,48,45,*,147,16,31,9,22,40,*,37,60,55,5
"전북특별자치도",김제시,청하면,56,9,16,12,*,9,*,9,22,21,*,58,8,17,13,*,7,*,7,26,26,*,63,9,18,13,5,11,*,11,25,25,*,55,7,16,10,6,9,*,9,23,23,*,60,9,18,12,6,10,*,10,23,23,*,59,13,18,13,5,11,*,11,17,16,*,49,8,13,11,*,11,*,11,17,17,*
"전북특별자치도",김제시,성덕면,62,10,14,8,6,14,*,14,24,24,*,65,10,14,10,*,15,*,15,26,23,*,61,9,13,9,*,15,*,15,24,23,*,69,8,14,10,*,15,*,15,32,30,*,61,9,12,9,*,14,*,14,26,26,*,55,7,12,6,6,13,*,13,23,23,*,57,8,12,7,5,14,*,14,23,23,*
"전북특별자치도",김제시,진봉면,111,16,27,21,6,20,*,20,48,46,*,113,16,26,20,6,23,*,23,48,47,*,90,12,21,14,7,19,*,19,38,38,*,84,10,20,13,7,20,*,20,34,34,*,72,6,16,9,7,18,*,18,32,32,*,78,8,18,10,8,21,*,21,31,31,*,78,6,17,10,7,19,*,19,36,35,*
"전북특별자치도",김제시,금구면,163,19,34,21,13,45,*,44,65,62,*,166,20,34,20,14,46,*,45,66,63,*,164,18,32,18,14,47,*,46,67,65,*,169,16,33,17,16,51,*,51,69,67,*,149,14,29,14,15,49,*,49,57,54,*,161,15,33,16,17,51,*,51,62,59,*,172,15,34,18,16,52,*,50,71,66,5
"전북특별자치도",김제시,봉남면,78,11,16,8,8,25,*,25,26,23,*,79,10,15,5,10,26,*,25,28,26,*,82,10,18,5,13,25,*,24,29,26,*,66,11,16,6,10,20,*,19,19,18,*,66,11,14,6,8,20,*,19,21,19,*,57,9,14,5,9,21,*,20,13,12,*,56,8,13,*,9,20,*,20,15,12,*
"전북특별자치도",김제시,황산면,74,11,17,8,9,24,*,23,22,19,*,71,10,15,7,8,23,*,23,23,22,*,73,10,16,6,10,22,*,22,25,24,*,64,8,14,5,9,18,*,18,24,24,*,64,8,13,5,8,18,*,18,25,25,*,61,9,12,5,7,20,*,20,20,20,*,71,7,12,6,6,21,*,20,31,31,*
"전북특별자치도",김제시,금산면,106,11,24,13,11,28,*,28,43,43,*,108,15,27,14,13,32,*,32,34,33,*,119,14,28,15,13,37,*,37,40,40,*,119,14,29,16,13,36,*,36,40,38,*,116,15,30,16,14,34,*,33,37,36,*,132,16,33,15,18,38,*,37,45,45,*,123,17,30,15,15,34,*,34,42,40,*
"전북특별자치도",김제시,광활면,57,9,10,6,*,23,*,23,15,14,*,56,8,9,*,5,22,*,22,17,16,*,74,11,13,7,6,25,*,25,25,22,*,66,12,12,7,5,24,*,24,18,17,*,70,10,12,7,5,25,*,25,23,22,*,70,9,13,7,6,25,*,25,23,23,*,72,8,12,6,6,26,*,26,26,23,*
"전북특별자치도",김제시,요촌동,228,32,68,34,34,60,*,59,68,65,*,234,34,69,36,33,65,*,64,66,60,6,274,37,83,43,40,84,*,80,70,64,6,307,44,96,49,47,94,5,89,73,67,6,298,44,92,43,49,88,*,85,74,66,8,293,40,93,39,54,85,*,83,75,69,6,321,41,105,42,63,89,*,87,86,79,7
"전북특별자치도",김제시,신풍동,398,68,123,67,56,120,*,117,87,77,10,437,65,136,68,68,139,*,137,97,83,14,461,63,141,71,70,147,*,144,110,96,14,439,58,143,69,74,147,*,145,91,82,9,483,64,154,66,88,157,*,154,108,96,12,519,66,169,69,100,170,*,167,114,96,18,519,69,178,77,101,163,*,162,109,88,21
"전북특별자치도",김제시,검산동,318,43,80,35,45,107,*,106,88,76,12,313,40,76,29,47,108,*,107,89,78,11,328,44,89,36,53,113,*,112,82,72,10,354,45,92,35,57,120,*,119,97,86,11,374,51,101,41,60,127,*,124,95,88,7,395,52,104,42,62,140,*,137,99,87,12,439,56,113,46,67,156,*,154,114,97,17
"전북특별자치도",김제시,교월동,174,28,50,29,21,52,*,52,44,31,13,166,21,46,25,21,58,*,58,41,34,7,192,18,52,24,28,72,*,71,50,44,6,208,24,52,26,26,76,*,76,56,53,*,224,25,55,27,28,87,*,87,57,52,5,227,30,60,31,29,86,*,85,51,47,*,251,34,66,33,33,91,*,90,60,55,5
"전북특별자치도",완주군,삼례읍,534,73,143,74,69,155,*,153,163,147,16,583,80,157,87,70,177,5,172,169,152,17,586,86,151,76,75,188,6,182,161,140,21,635,89,167,82,85,200,5,195,179,156,23,655,86,176,89,87,217,7,210,176,149,27,746,99,211,103,108,244,10,234,192,170,22,877,125,249,130,119,284,10,274,219,188,31
"전북특별자치도",완주군,봉동읍,782,118,218,109,109,232,*,230,214,178,36,850,122,223,111,112,264,*,262,241,203,38,890,128,243,111,132,295,8,287,224,194,30,921,131,249,105,144,300,7,293,241,210,31,985,138,275,117,158,322,8,314,250,218,32,922,137,266,111,155,297,8,289,222,194,28,959,138,273,113,160,312,9,303,236,208,28
"전북특별자치도",완주군,용진읍,260,38,62,31,31,77,*,76,83,74,9,259,35,60,29,31,78,*,78,86,80,6,272,41,69,32,37,78,*,77,84,78,6,263,38,66,28,38,77,*,76,82,76,6,240,32,62,26,36,74,*,73,72,66,6,248,31,68,27,41,79,*,78,70,66,*,301,39,84,37,47,92,7,85,86,79,7
"전북특별자치도",완주군,상관면,66,12,19,6,13,18,*,18,17,17,*,74,12,23,8,15,18,*,17,21,20,*,90,12,22,8,14,20,*,20,36,34,*,64,11,18,5,13,20,*,19,15,14,*,63,11,19,7,12,21,*,19,12,11,*,56,9,16,6,10,21,*,19,10,10,*,77,12,19,8,11,24,*,22,22,17,5
"전북특별자치도",완주군,이서면,374,69,100,55,45,125,*,123,80,71,9,384,64,98,54,44,125,*,122,97,85,12,386,63,103,54,49,128,*,126,92,80,12,385,68,98,52,46,130,*,129,89,80,9,391,63,106,56,50,128,*,127,94,87,7,359,51,92,43,49,121,*,120,95,86,9,394,53,102,48,54,133,*,130,106,95,11
"전북특별자치도",완주군,소양면,136,18,35,18,17,31,*,29,52,49,*,146,19,36,19,17,36,*,33,55,50,5,156,19,36,22,14,37,*,37,64,57,7,159,22,36,24,12,44,*,44,57,53,*,159,23,34,23,11,48,*,48,54,51,*,147,22,32,21,11,48,*,46,45,41,*,136,21,33,20,13,43,*,41,39,35,*
"전북특별자치도",완주군,구이면,195,28,41,17,24,62,*,62,64,62,*,184,27,38,12,26,62,*,62,57,56,*,191,25,39,12,27,64,*,64,63,62,*,176,24,36,13,23,56,*,56,60,58,*,152,21,33,11,22,53,*,53,45,45,*,152,19,33,11,22,47,*,47,53,52,*,163,20,34,11,23,52,*,52,57,55,*
"전북특별자치도",완주군,고산면,136,20,32,18,14,38,*,36,46,43,*,124,18,27,11,16,41,*,39,38,37,*,142,18,30,12,18,51,*,48,43,40,*,127,16,29,7,22,46,*,43,36,35,*,126,15,28,6,22,46,*,43,37,36,*,126,14,28,7,21,51,5,46,33,32,*,139,14,27,7,20,53,5,48,45,40,5
"전북특별자치도",완주군,비봉면,96,12,21,9,12,27,*,26,36,33,*,98,13,22,9,13,27,*,26,36,34,*,100,12,22,8,14,29,*,28,37,35,*,96,12,23,7,16,32,*,31,29,27,*,87,10,20,*,16,29,*,28,28,26,*,90,13,22,6,16,28,*,27,27,24,*,90,12,21,5,16,28,*,27,29,26,*
"전북특별자치도",완주군,운주면,45,7,10,8,*,13,*,13,15,15,*,53,9,13,9,*,13,*,13,18,18,*,57,10,13,10,*,16,*,16,18,18,*,45,9,10,6,*,14,*,14,12,11,*,38,8,10,6,*,11,*,11,9,8,*,47,6,12,5,7,14,*,13,15,10,5,42,6,11,*,7,13,*,12,12,7,5
"전북특별자치도",완주군,화산면,147,15,30,15,15,46,*,45,56,52,*,133,14,25,12,13,47,*,46,47,45,*,126,17,25,14,11,46,*,45,38,38,*,123,18,25,15,10,46,*,44,34,34,*,122,15,23,11,12,44,*,44,40,38,*,120,16,25,12,13,43,*,43,36,35,*,116,18,27,15,12,40,*,40,31,31,*
"전북특별자치도",완주군,동상면,29,*,7,*,*,7,*,7,15,15,*,29,*,6,*,*,7,*,7,16,15,*,28,*,6,*,*,7,*,7,15,14,*,21,*,5,*,*,*,*,*,12,12,*,11,*,*,*,*,*,*,*,6,6,*,18,*,*,*,*,5,*,5,10,10,*,21,*,*,*,*,*,*,*,13,13,*
"전북특별자치도",완주군,경천면,16,*,5,*,*,*,*,*,*,*,*,16,*,5,*,*,*,*,*,*,*,*,21,*,5,*,*,6,*,6,6,6,*,18,*,*,*,*,5,*,5,5,5,*,15,*,*,*,*,*,*,*,*,*,*,19,*,*,*,*,*,*,*,8,8,*,17,*,*,*,*,*,*,*,8,8,*
"전북특별자치도",진안군,진안읍,401,54,108,53,55,122,*,119,117,95,22,408,49,104,51,53,129,*,127,126,115,11,409,49,105,52,53,127,5,122,128,113,15,396,53,105,51,54,131,6,125,107,99,8,393,53,103,49,54,139,7,132,98,91,7,405,51,103,43,60,137,*,134,114,103,11,426,52,109,44,65,151,5,146,114,103,11
"전북특별자치도",진안군,용담면,17,*,7,*,*,*,*,*,5,*,*,12,*,5,*,*,*,*,*,5,5,*,17,*,7,*,*,*,*,*,6,6,*,14,*,5,*,*,*,*,*,5,5,*,13,*,5,*,*,*,*,*,*,*,*,16,*,6,*,*,*,*,*,*,*,*,15,*,6,*,*,*,*,*,5,*,*
"전북특별자치도",진안군,안천면,55,7,10,5,5,21,*,21,17,17,*,66,7,11,6,5,22,*,22,26,22,*,65,7,13,7,6,27,*,26,18,17,*,64,7,12,6,6,27,*,26,18,16,*,63,7,13,6,7,26,*,25,17,16,*,63,6,11,*,7,24,*,24,22,19,*,57,7,12,*,8,21,*,21,17,15,*
"전북특별자치도",진안군,동향면,118,16,23,9,14,38,*,38,41,41,*,122,15,22,7,15,40,*,39,45,44,*,135,16,26,9,17,46,*,45,47,46,*,123,15,26,9,17,43,*,42,39,38,*,121,16,26,8,18,44,*,43,35,33,*,127,17,26,7,19,45,*,44,39,38,*,130,20,29,11,18,45,*,44,36,36,*
"전북특별자치도",진안군,상전면,21,*,*,*,*,7,*,7,9,9,*,19,*,*,*,*,7,*,7,7,7,*,19,*,*,*,*,7,*,7,7,7,*,14,*,*,*,*,5,*,5,6,6,*,13,*,*,*,*,6,*,6,*,*,*,10,*,*,*,*,5,*,5,*,*,*,11,*,*,*,*,5,*,5,*,*,*
"전북특별자치도",진안군,백운면,110,16,22,16,6,31,*,31,41,41,*,131,16,25,18,7,34,*,34,56,55,*,124,18,27,18,9,32,*,31,47,47,*,127,16,25,17,8,34,*,33,52,52,*,130,16,26,18,8,36,*,35,52,51,*,105,14,21,14,7,27,*,27,43,42,*,90,12,23,15,8,23,*,23,32,32,*
"전북특별자치도",진안군,성수면,87,10,16,6,10,26,*,26,35,34,*,78,10,17,8,9,22,*,22,29,29,*,75,11,16,8,8,21,*,21,27,27,*,80,11,17,8,9,22,*,22,30,30,*,77,9,16,8,8,20,*,20,32,31,*,80,10,16,9,7,19,*,19,35,34,*,74,10,16,10,6,17,*,17,31,29,*
"전북특별자치도",진안군,마령면,103,16,23,8,15,36,*,34,28,27,*,98,16,21,8,13,33,*,31,28,27,*,92,15,20,9,11,31,*,29,26,25,*,87,13,18,8,10,31,*,29,25,24,*,84,13,17,8,9,27,*,25,27,25,*,86,15,19,6,13,29,*,27,23,23,*,96,17,21,8,13,30,*,28,28,27,*
"전북특별자치도",진안군,부귀면,85,6,17,7,10,27,*,23,35,33,*,86,7,17,7,10,28,*,24,34,34,*,103,10,20,9,11,33,*,32,40,33,7,82,9,18,9,9,25,*,23,30,30,*,86,10,18,9,9,26,*,24,32,29,*,85,8,16,8,8,28,5,23,33,30,*,92,8,18,10,8,29,*,26,37,34,*
"전북특별자치도",진안군,정천면,58,10,14,7,7,16,*,16,18,18,*,52,7,13,5,8,14,*,14,18,18,*,51,7,12,5,7,14,*,14,18,18,*,59,7,12,6,6,14,*,14,26,26,*,53,7,12,6,6,13,*,13,21,20,*,49,6,12,8,*,14,*,14,17,16,*,46,5,10,6,*,14,*,14,17,14,*
"전북특별자치도",진안군,주천면,97,13,24,16,8,26,*,25,34,33,*,92,13,21,12,9,26,*,25,32,30,*,91,12,22,13,9,25,*,25,32,31,*,91,12,22,13,9,25,*,25,32,31,*,93,12,22,13,9,26,*,26,33,32,*,86,11,20,12,8,27,*,26,28,27,*,90,9,21,13,8,27,*,26,33,32,*
"전북특별자치도",무주군,무주읍,330,48,83,54,29,93,*,92,106,98,8,323,50,83,53,30,99,*,98,91,88,*,322,46,81,51,30,103,*,103,92,89,*,337,48,85,54,31,105,*,105,99,95,*,331,46,83,47,36,107,*,107,95,89,6,370,51,89,51,38,121,*,120,109,102,7,347,46,86,47,39,118,*,117,97,88,9
"전북특별자치도",무주군,무풍면,84,15,20,12,8,23,*,23,26,24,*,98,16,23,14,9,23,*,23,36,35,*,108,18,28,16,12,26,*,26,36,35,*,103,18,27,14,13,23,*,23,35,34,*,88,16,24,11,13,23,*,23,25,24,*,92,15,25,9,16,24,*,24,28,28,*,84,14,23,6,17,24,*,23,23,23,*
"전북특별자치도",무주군,설천면,166,19,36,14,22,53,*,53,58,54,*,160,18,35,13,22,54,*,52,53,51,*,177,24,39,20,19,56,*,55,58,57,*,174,24,39,19,20,59,*,58,52,51,*,153,21,37,15,22,60,*,59,35,34,*,134,21,35,12,23,52,*,50,26,24,*,143,23,35,13,22,52,*,51,33,32,*
"전북특별자치도",무주군,적상면,99,14,18,8,10,30,*,30,37,35,*,94,13,20,9,11,30,*,30,31,28,*,84,12,16,7,9,25,*,25,31,28,*,84,14,18,8,10,24,*,24,28,27,*,77,13,16,6,10,26,*,26,22,21,*,74,10,15,*,12,25,*,25,24,22,*,75,12,15,*,11,25,*,25,23,20,*
"전북특별자치도",무주군,안성면,174,20,34,14,20,60,*,60,60,56,*,153,20,32,13,19,53,*,53,48,45,*,152,20,32,14,18,56,*,56,44,42,*,149,17,31,11,20,55,*,55,46,44,*,145,17,32,10,22,58,*,58,38,38,*,155,19,37,13,24,60,*,59,39,38,*,162,20,39,14,25,59,*,59,44,43,*
"전북특별자치도",무주군,부남면,56,10,13,6,7,11,*,11,22,19,*,55,10,13,6,7,11,*,11,21,20,*,56,9,11,6,5,16,*,16,20,19,*,55,8,11,5,6,18,*,18,18,17,*,54,8,11,5,6,19,*,19,16,16,*,51,10,12,5,7,16,*,16,13,13,*,56,10,14,*,10,18,*,18,14,14,*
"전북특별자치도",장수군,장수읍,440,53,98,39,59,142,*,139,147,138,9,448,50,95,35,60,147,*,144,156,146,10,447,55,102,38,64,135,*,133,155,147,8,466,59,111,42,69,151,*,149,145,138,7,460,55,112,41,71,149,*,147,144,138,6,467,54,115,39,76,147,*,143,151,146,5,453,55,109,35,74,146,*,142,143,136,7
"전북특별자치도",장수군,산서면,113,17,25,16,9,38,*,38,33,29,*,112,18,26,16,10,41,*,41,27,27,*,99,16,22,13,9,38,*,38,23,23,*,97,15,23,14,9,36,*,36,23,21,*,101,15,23,15,8,37,*,37,26,24,*,104,17,22,13,9,43,*,43,22,20,*,106,14,23,14,9,45,*,45,24,23,*
"전북특별자치도",장수군,번암면,91,12,22,10,12,27,*,26,30,30,*,90,10,21,9,12,27,*,26,32,30,*,90,9,22,10,12,31,*,29,28,27,*,82,8,21,9,12,30,*,28,23,22,*,89,9,23,11,12,33,*,31,24,23,*,89,11,24,11,13,30,*,29,24,22,*,92,11,24,11,13,30,*,29,27,26,*
"전북특별자치도",장수군,장계면,123,20,31,14,17,37,*,37,35,33,*,125,19,31,11,20,37,*,37,38,33,5,122,18,32,12,20,38,*,38,34,31,*,133,17,35,11,24,42,*,42,39,33,6,138,18,37,12,25,43,*,43,40,32,8,150,23,43,13,30,41,*,41,43,40,*,148,22,42,13,29,42,*,42,42,34,8
"전북특별자치도",장수군,천천면,95,14,25,15,10,29,*,28,27,25,*,101,16,27,15,12,29,*,29,29,26,*,90,15,25,14,11,26,*,26,24,23,*,92,13,23,13,10,25,*,25,31,28,*,86,14,23,14,9,24,*,24,25,23,*,82,13,20,10,10,23,*,23,26,24,*,83,14,23,12,11,22,*,22,24,24,*
"전북특별자치도",장수군,계남면,102,12,25,12,13,29,*,29,36,36,*,86,10,22,10,12,26,*,26,28,27,*,94,11,23,9,14,30,*,30,30,30,*,89,14,24,11,13,22,*,22,29,28,*,84,13,23,10,13,23,*,23,25,24,*,81,10,20,6,14,27,*,27,24,23,*,82,9,19,6,13,27,*,26,27,27,*
"전북특별자치도",장수군,계북면,63,8,16,6,10,20,*,20,19,19,*,75,10,20,10,10,19,*,19,26,24,*,87,15,23,12,11,23,*,23,26,24,*,84,16,22,11,11,23,*,23,23,22,*,83,15,19,9,10,28,*,28,21,19,*,77,10,20,6,14,28,*,28,19,19,*,80,11,20,7,13,26,*,26,23,23,*
"전북특별자치도",임실군,임실읍,278,40,70,26,44,100,*,100,68,63,5,310,38,76,34,42,116,*,116,80,74,6,318,44,83,31,52,117,*,117,74,70,*,342,47,81,32,49,128,*,128,86,79,7,335,47,82,31,51,131,*,131,75,65,10,349,47,91,34,57,133,*,133,78,69,9,375,52,94,34,60,143,*,143,86,73,13
"전북특별자치도",임실군,청웅면,40,9,11,*,7,14,*,14,6,6,*,46,9,14,7,7,15,*,15,8,8,*,52,9,15,8,7,15,*,15,13,13,*,49,9,13,6,7,14,*,14,13,13,*,41,8,11,6,5,13,*,13,9,9,*,40,6,10,*,6,13,*,13,11,9,*,32,6,11,6,5,9,*,9,6,6,*
"전북특별자치도",임실군,운암면,52,8,12,6,6,18,*,18,14,14,*,45,7,11,6,5,16,*,16,11,11,*,54,6,9,*,5,19,*,19,20,20,*,45,7,9,5,*,17,*,17,12,12,*,60,9,13,8,5,19,*,19,19,19,*,51,6,9,*,6,19,*,19,17,17,*,47,6,12,6,6,15,*,15,14,14,*
"전북특별자치도",임실군,신평면,33,*,8,*,8,13,*,13,9,8,*,49,5,11,*,8,15,*,15,18,17,*,41,5,10,*,8,14,*,14,12,11,*,38,6,10,*,7,11,*,11,11,11,*,34,5,9,*,7,10,*,10,10,10,*,33,5,9,*,8,10,*,10,9,9,*,36,6,10,*,8,11,*,11,9,7,*
"전북특별자치도",임실군,성수면,89,14,20,10,10,26,*,26,29,27,*,71,11,15,*,11,23,*,23,22,21,*,60,7,12,*,9,18,*,18,23,20,*,69,9,14,5,9,21,*,21,25,21,*,57,7,12,*,9,18,*,18,20,19,*,55,8,12,*,8,16,*,16,19,18,*,63,10,13,5,8,18,*,18,22,20,*
"전북특별자치도",임실군,오수면,165,25,41,22,19,43,*,43,56,54,*,160,25,40,22,18,37,*,37,58,57,*,152,21,42,22,20,37,*,37,52,49,*,138,17,38,19,19,33,*,30,50,48,*,135,18,36,19,17,37,*,34,44,42,*,121,16,35,18,17,33,*,30,37,36,*,130,15,37,18,19,35,*,32,43,41,*
"전북특별자치도",임실군,신덕면,102,9,19,11,8,37,*,37,37,35,*,98,10,18,11,7,34,*,34,36,33,*,83,8,14,8,6,28,*,28,33,30,*,79,8,12,5,7,29,*,29,30,29,*,77,10,13,6,7,29,*,29,25,24,*,77,8,15,*,11,29,*,29,25,23,*,87,10,17,*,13,32,*,32,28,26,*
"전북특별자치도",임실군,삼계면,67,13,17,9,8,23,*,23,14,13,*,57,11,15,9,6,23,*,23,8,5,*,61,11,14,8,6,25,*,25,11,9,*,60,11,15,8,7,24,*,24,10,8,*,65,11,15,8,7,26,*,26,13,13,*,57,9,12,6,6,27,*,27,9,9,*,64,10,14,7,7,27,*,27,13,13,*
"전북특별자치도",임실군,관촌면,182,22,39,13,26,59,*,59,62,57,5,186,20,38,13,25,63,*,63,65,64,*,167,19,37,14,23,57,*,57,54,53,*,156,16,33,11,22,54,*,54,53,53,*,152,16,29,8,21,53,*,53,54,53,*,153,17,29,8,21,56,*,56,51,51,*,150,19,31,9,22,56,*,56,44,44,*
"전북특별자치도",임실군,강진면,54,7,11,7,*,24,*,24,12,12,*,55,8,13,8,5,23,*,23,11,10,*,54,9,12,8,*,22,*,22,11,11,*,60,10,14,9,5,22,*,22,14,14,*,54,9,13,7,6,21,*,21,11,11,*,61,12,16,7,9,22,*,22,11,10,*,67,12,16,8,8,24,*,24,15,11,*
"전북특별자치도",임실군,덕치면,54,8,13,7,6,18,*,18,15,15,*,71,9,14,6,8,21,*,21,27,23,*,75,9,14,6,8,23,*,23,29,28,*,71,9,12,6,6,20,*,20,30,30,*,72,8,12,5,7,21,*,21,31,31,*,74,8,15,5,10,22,*,22,29,27,*,71,8,15,5,10,20,*,20,28,27,*
"전북특별자치도",임실군,지사면,50,6,13,7,6,10,*,10,21,20,*,46,5,10,5,5,10,*,10,21,20,*,48,*,10,*,6,10,*,10,24,23,*,42,*,9,*,7,12,*,12,17,17,*,53,5,10,*,6,14,*,14,24,24,*,46,6,10,*,6,11,*,11,19,18,*,45,7,11,*,7,11,*,11,16,15,*
"전북특별자치도",순창군,순창읍,423,55,105,49,56,129,*,128,134,113,21,437,53,108,48,60,144,*,144,132,121,11,431,49,114,52,62,146,*,146,122,110,12,474,48,115,50,65,159,*,158,152,138,14,450,50,116,52,64,156,*,155,128,114,14,458,46,120,43,77,157,*,157,135,123,12,491,51,132,46,86,166,*,166,142,128,14
"전북특별자치도",순창군,인계면,69,7,16,8,8,17,*,17,29,29,*,72,6,15,7,8,18,*,18,33,31,*,66,6,15,7,8,16,*,16,29,29,*,62,5,13,6,7,15,*,15,29,29,*,61,5,13,5,8,17,*,17,26,26,*,58,5,14,5,9,16,*,16,23,23,*,66,5,14,5,9,16,*,16,31,31,*
"전북특별자치도",순창군,동계면,77,11,21,13,8,25,*,25,20,20,*,90,10,21,13,8,27,*,27,32,29,*,99,14,22,15,7,30,*,30,33,33,*,88,12,19,12,7,32,*,32,25,24,*,78,11,17,9,8,31,*,31,19,19,*,80,13,20,11,9,31,*,31,16,15,*,84,12,22,11,11,29,*,29,21,20,*
"전북특별자치도",순창군,적성면,25,*,7,*,*,*,*,*,10,10,*,18,*,*,*,*,*,*,*,8,8,*,31,*,5,*,*,7,*,7,15,15,*,33,5,5,*,*,9,*,9,14,14,*,23,*,5,*,*,6,*,6,9,9,*,28,*,6,*,*,7,*,6,12,12,*,25,*,6,*,*,5,*,*,11,11,*
"전북특별자치도",순창군,유등면,26,*,8,5,*,7,*,7,7,7,*,21,*,5,*,*,5,*,5,9,9,*,26,*,7,*,5,5,*,5,12,12,*,30,*,8,*,5,6,*,6,12,12,*,31,5,7,*,*,7,*,7,12,12,*,23,*,6,*,*,7,*,7,7,7,*,18,*,5,*,*,6,*,6,*,*,*
"전북특별자치도",순창군,풍산면,68,7,15,9,6,19,*,18,27,26,*,73,8,17,10,7,19,*,18,29,28,*,63,8,16,10,6,17,*,16,22,21,*,63,7,13,8,5,18,*,17,25,24,*,62,7,14,9,5,23,*,21,18,18,*,67,8,13,6,7,26,*,24,20,19,*,67,8,14,6,8,21,*,19,24,23,*
"전북특별자치도",순창군,금과면,81,9,20,15,5,16,*,16,36,36,*,94,10,22,17,5,18,*,18,44,44,*,87,9,21,16,5,14,*,14,43,43,*,97,10,21,16,5,12,*,12,54,53,*,77,9,20,15,5,12,*,12,36,35,*,76,9,20,13,7,13,*,13,34,33,*,71,10,20,13,7,11,*,11,30,30,*
"전북특별자치도",순창군,팔덕면,83,9,17,10,7,23,*,23,34,32,*,88,9,17,11,6,23,*,23,39,39,*,93,11,18,11,7,27,*,27,37,37,*,85,10,18,11,7,26,*,26,31,31,*,87,9,18,11,7,27,*,27,33,33,*,82,12,17,11,6,27,*,27,26,26,*,80,8,15,10,5,27,*,27,30,28,*
"전북특별자치도",순창군,복흥면,192,22,39,13,26,61,*,61,70,66,*,174,19,36,12,24,59,*,59,60,58,*,175,21,34,15,19,57,*,57,63,61,*,164,18,32,11,21,55,*,55,59,58,*,160,17,32,10,22,53,*,53,58,57,*,178,23,38,12,26,57,*,57,60,60,*,163,22,33,10,23,48,*,48,60,58,*
"전북특별자치도",순창군,쌍치면,112,11,22,12,10,36,*,35,43,41,*,110,13,22,14,8,34,*,34,41,39,*,102,12,18,10,8,34,*,34,38,37,*,105,11,21,10,11,35,*,35,38,38,*,91,10,20,7,13,31,*,31,30,29,*,90,11,19,8,11,32,*,32,28,26,*,81,10,17,7,10,31,*,31,23,22,*
"전북특별자치도",순창군,구림면,90,10,19,11,8,28,*,28,33,32,*,91,11,19,11,8,28,*,28,33,33,*,90,12,20,11,9,28,*,28,30,30,*,84,11,19,10,9,24,*,24,30,30,*,80,9,17,7,10,23,*,23,31,30,*,61,8,14,5,9,23,*,23,16,16,*,57,5,13,*,10,23,*,23,16,16,*
"전북특별자치도",고창군,고창읍,578,100,147,78,69,163,5,158,168,154,14,614,107,152,81,71,177,5,172,178,167,11,636,108,153,76,77,195,5,190,180,172,8,697,114,178,89,89,214,8,206,191,181,10,699,109,178,77,101,236,9,227,176,167,9,680,110,181,73,108,234,9,225,155,141,14,725,106,193,77,116,237,9,228,189,177,12
"전북특별자치도",고창군,고수면,66,12,17,13,*,16,*,16,21,21,*,62,10,15,10,5,14,*,14,23,20,*,65,8,17,11,6,16,*,16,24,21,*,73,9,17,11,6,17,*,17,30,26,*,59,9,14,9,5,15,*,15,21,18,*,54,10,16,9,7,14,*,14,14,13,*,65,10,18,10,8,18,*,18,19,17,*
"전북특별자치도",고창군,아산면,145,21,33,19,14,41,*,40,50,47,*,132,20,30,16,14,32,*,32,50,49,*,126,20,30,16,14,34,*,34,42,41,*,117,15,25,10,15,31,*,31,46,44,*,104,17,27,12,15,28,*,28,32,29,*,111,17,30,13,17,31,*,31,33,31,*,109,14,27,9,18,32,*,31,36,33,*
"전북특별자치도",고창군,무장면,121,14,25,14,11,36,*,34,46,46,*,130,16,27,15,12,40,*,38,47,45,*,127,15,28,17,11,38,*,36,46,46,*,137,17,32,18,14,42,*,40,46,46,*,144,20,35,20,15,47,5,42,42,42,*,138,21,33,18,15,45,*,41,39,39,*,139,18,31,17,14,45,*,41,45,43,*
"전북특별자치도",고창군,공음면,133,16,28,14,14,35,*,35,54,54,*,134,14,27,15,12,36,*,36,57,55,*,125,14,25,12,13,34,*,34,52,52,*,125,14,27,13,14,35,*,34,49,49,*,116,12,23,8,15,34,*,33,47,46,*,117,11,22,10,12,31,*,30,53,53,*,119,13,22,10,12,30,*,29,54,50,*
"전북특별자치도",고창군,상하면,60,9,12,8,*,16,*,16,23,23,*,61,9,14,9,5,17,*,16,21,21,*,63,9,15,10,5,14,*,14,25,25,*,61,7,13,9,*,15,*,15,26,26,*,64,7,13,8,5,19,*,19,25,24,*,78,8,14,9,5,20,*,20,36,35,*,83,9,14,9,5,24,*,23,36,33,*
"전북특별자치도",고창군,해리면,117,14,30,21,9,20,*,18,53,53,*,119,15,30,20,10,22,*,20,52,52,*,112,14,28,21,7,23,*,23,47,47,*,101,13,24,19,5,24,*,24,40,40,*,106,12,22,16,6,23,*,23,49,49,*,105,13,25,16,9,20,*,20,47,47,*,104,13,24,14,10,20,*,20,47,47,*
"전북특별자치도",고창군,성송면,101,20,27,19,8,29,*,27,25,25,*,110,17,26,16,10,29,*,27,38,38,*,97,16,25,14,11,29,*,27,27,27,*,107,17,27,14,13,29,*,29,34,34,*,83,14,24,9,15,26,*,26,19,19,*,78,13,24,11,13,21,*,21,20,20,*,77,13,20,10,10,21,*,21,23,21,*
"전북특별자치도",고창군,대산면,182,24,40,21,19,57,*,57,61,58,*,187,26,41,22,19,61,*,61,59,57,*,173,24,40,21,19,56,*,56,53,52,*,164,22,38,17,21,55,*,55,49,48,*,163,24,40,17,23,55,*,55,44,43,*,171,23,42,17,25,59,*,59,47,43,*,163,22,38,15,23,56,*,56,47,45,*
"전북특별자치도",고창군,심원면,125,18,27,15,12,43,*,43,37,35,*,111,17,24,9,15,37,*,37,33,32,*,110,17,23,8,15,37,*,37,33,30,*,117,18,23,10,13,40,*,40,36,35,*,113,15,22,11,11,37,*,37,39,37,*,122,15,24,9,15,39,*,39,44,42,*,116,14,22,9,13,34,*,34,46,43,*
"전북특별자치도",고창군,흥덕면,116,15,25,12,13,37,*,37,39,37,*,108,13,23,11,12,34,*,34,38,36,*,111,15,23,10,13,39,*,39,34,33,*,114,17,24,11,13,39,*,39,34,33,*,120,17,27,13,14,44,*,44,32,31,*,113,16,26,13,13,41,*,41,30,29,*,120,18,30,17,13,41,*,40,31,31,*
"전북특별자치도",고창군,성내면,79,13,17,13,*,25,*,25,24,24,*,82,13,18,11,7,29,*,29,22,22,*,99,11,18,11,7,32,*,32,38,38,*,96,13,19,10,9,30,*,30,34,34,*,86,11,16,8,8,30,*,30,29,29,*,85,8,15,7,8,30,*,30,32,31,*,78,11,15,7,8,30,*,30,22,21,*
"전북특별자치도",고창군,신림면,100,14,22,12,10,31,*,31,33,33,*,100,16,23,12,11,31,*,31,30,30,*,93,14,21,9,12,30,*,30,28,28,*,102,16,22,9,13,31,*,30,33,32,*,86,13,17,5,12,30,*,28,26,25,*,87,13,17,5,12,27,*,27,30,30,*,88,14,19,8,11,26,*,26,29,29,*
"전북특별자치도",고창군,부안면,75,9,17,14,*,15,*,15,34,34,*,84,12,19,15,*,18,*,18,35,33,*,72,11,15,9,6,18,*,18,28,28,*,89,11,20,12,8,21,*,21,37,37,*,80,9,17,8,9,19,*,19,35,33,*,92,11,19,9,10,23,*,22,39,37,*,89,11,19,9,10,23,*,23,36,35,*
"전북특별자치도",부안군,부안읍,567,81,162,73,89,178,6,172,146,127,19,619,80,174,79,95,198,5,193,167,148,19,644,78,179,76,103,211,*,207,176,159,17,660,82,184,79,105,222,6,216,172,156,16,703,88,200,83,117,244,5,239,171,151,20,714,96,214,85,129,248,7,241,156,135,21,774,104,241,97,144,261,10,251,168,148,20
"전북특별자치도",부안군,주산면,93,10,23,15,8,13,*,13,47,46,*,95,14,25,16,9,15,*,15,41,40,*,78,13,20,14,6,15,*,15,30,30,*,73,13,19,11,8,16,*,16,25,25,*,61,11,15,9,6,15,*,15,20,20,*,54,9,13,6,7,12,*,12,20,20,*,58,9,15,9,6,13,*,13,21,21,*
"전북특별자치도",부안군,동진면,97,14,25,12,13,20,*,20,38,36,*,97,14,25,10,15,22,*,22,36,34,*,101,13,23,8,15,22,*,22,43,42,*,91,13,21,7,14,21,*,21,36,34,*,83,12,18,8,10,18,*,18,35,34,*,88,13,20,8,12,21,*,21,34,33,*,97,13,22,10,12,24,*,23,38,35,*
"전북특별자치도",부안군,행안면,70,7,16,8,8,19,*,19,28,27,*,81,7,17,7,10,20,*,20,37,35,*,97,12,22,14,8,24,*,24,39,37,*,73,10,17,11,6,22,*,22,24,24,*,67,7,17,11,6,20,*,20,23,23,*,78,8,22,14,8,22,*,22,26,26,*,91,10,23,14,9,22,*,22,36,30,6
"전북특별자치도",부안군,계화면,121,21,29,19,10,27,*,25,44,42,*,121,21,29,18,11,31,*,29,40,38,*,126,21,29,18,11,37,*,35,39,37,*,128,23,28,15,13,35,*,33,42,42,*,111,21,26,14,12,31,*,29,33,32,*,111,21,26,10,16,31,*,29,33,32,*,111,22,26,12,14,29,*,27,34,33,*
"전북특별자치도",부안군,보안면,115,11,18,8,10,37,*,36,49,48,*,99,10,16,8,8,33,*,32,40,38,*,103,10,15,7,8,32,*,31,46,45,*,104,10,18,7,11,29,*,29,47,46,*,112,12,17,5,12,39,*,39,44,43,*,98,10,15,*,11,34,*,33,39,37,*,75,9,12,*,8,23,*,23,31,31,*
"전북특별자치도",부안군,변산면,207,35,52,36,16,50,*,46,70,65,5,200,33,49,32,17,50,*,48,68,65,*,202,33,51,30,21,55,*,52,63,63,*,211,31,56,35,21,55,*,52,69,64,5,213,32,54,31,23,60,*,57,67,61,6,202,29,54,29,25,56,*,53,63,56,7,203,32,54,31,23,53,*,50,64,58,6
"전북특별자치도",부안군,진서면,78,12,20,13,7,22,*,22,24,23,*,79,10,16,10,6,23,*,23,30,26,*,81,10,19,8,11,27,*,27,25,21,*,75,8,16,6,10,27,*,27,24,21,*,83,9,18,7,11,28,*,28,28,26,*,81,9,18,7,11,28,*,28,26,24,*,73,7,17,6,11,26,*,26,23,19,*
"전북특별자치도",부안군,백산면,56,12,16,8,8,14,*,13,14,14,*,73,15,20,12,8,14,*,13,24,24,*,82,13,19,9,10,19,*,17,31,31,*,82,17,22,12,10,15,*,14,28,28,*,74,15,18,6,12,15,*,14,26,26,*,54,14,17,5,12,11,*,11,12,11,*,54,13,16,5,11,11,*,11,14,13,*
"전북특별자치도",부안군,상서면,62,6,13,7,6,14,*,14,29,29,*,66,6,14,8,6,17,*,17,29,29,*,86,10,19,9,10,26,*,26,31,29,*,77,8,17,8,9,24,*,24,28,27,*,71,8,16,6,10,23,*,23,24,21,*,70,10,16,7,9,23,*,23,21,20,*,70,9,16,7,9,23,*,23,22,22,*
"전북특별자치도",부안군,하서면,68,12,19,12,7,20,*,17,17,17,*,80,11,20,13,7,23,*,20,26,23,*,67,11,18,9,9,21,*,18,17,12,5,67,11,18,8,10,22,*,20,16,13,*,71,12,18,9,9,24,*,22,17,16,*,64,12,15,5,10,23,*,21,14,14,*,60,10,13,*,11,22,*,22,15,14,*
"전북특별자치도",부안군,줄포면,82,12,18,9,9,23,*,22,29,28,*,87,16,22,13,9,23,*,22,26,26,*,86,17,21,12,9,30,*,29,18,18,*,97,17,23,13,10,33,*,29,24,23,*,93,16,21,14,7,31,*,28,25,24,*,92,14,21,13,8,30,*,27,27,27,*,101,16,25,17,8,30,*,27,30,30,*
"전북특별자치도",부안군,위도면,*,*,*,*,*,*,*,*,*,*,*,*,*,*,*,*,*,*,*,*,*,*,*,*,*,*,*,*,*,*,*,*,*,15,*,*,*,*,*,*,*,5,5,*,14,*,*,*,*,*,*,*,8,8,*,5,*,*,*,*,*,*,*,*,*,*,10,*,*,*,*,*,*,*,5,5,*
